File Name,Positive Pairs,Negative Pairs,Recor pairs,Amount of brand,Amount of name,Amount of description,Amount of price,Amount of different products,Amount of unique Words:
products20cc80rnd000un_gs.json.gz,467,4025,4492,8760,8984,8984,8984,500,22814
products20cc80rnd050un_gs.json.gz,458,4025,4483,8764,8966,8966,8966,500,20179
products20cc80rnd100un_gs.json.gz,465,4018,4483,8830,8966,8966,8966,500,19568
products50cc50rnd000un_gs.json.gz,456,4037,4493,8613,8986,8986,8986,500,22008
products80cc20rnd050un_gs.json.gz,463,4026,4489,8825,8978,8978,8978,500,19966
products50cc50rnd050un_gs.json.gz,468,4025,4493,8641,8986,8986,8986,500,20640
products50cc50rnd100un_gs.json.gz,478,4019,4497,8858,8994,8994,8994,500,20017
products80cc20rnd100un_gs.json.gz,331,4128,4459,8811,8918,8918,8918,500,18020
products80cc20rnd000un_gs.json.gz,452,4042,4494,8639,8988,8988,8988,500,20349
