id,name_chars_de,name_tokens_de,desc_chars_de,desc_tokens_de,name_chars_en,name_tokens_en,desc_chars_en,desc_tokens_en,desc_shortened_10p,name_shortened_10p,desc_shortened_20p,name_shortened_20p,desc_shortened_30p,name_shortened_30p
2070627808,57,22,1298,436,51,20,1325,300,True,True,True,False,True,False
2056478070,56,22,1309,439,50,20,1339,310,True,True,True,False,False,False
4479070818,45,18,246,87,42,14,269,77,True,True,False,True,False,False
4323500485,46,17,246,87,48,17,269,77,True,False,False,False,False,False
2455800880,78,30,752,208,92,31,691,151,True,False,True,False,False,False
4972894326,69,24,997,331,64,18,848,209,True,True,True,True,True,False
4593095274,47,17,339,105,46,14,332,76,True,True,True,False,False,False
3214249595,51,16,210,66,52,14,211,54,True,True,False,False,False,False
4206242446,107,45,223,84,113,38,251,62,True,True,True,False,False,False
4206267336,42,17,307,100,41,15,327,74,True,True,True,False,False,False
3551393318,73,32,497,143,77,29,434,92,True,False,True,False,True,False
3513178266,88,31,255,73,90,32,231,39,True,False,True,False,True,False
2078774568,124,51,1520,487,113,39,1459,336,True,True,True,True,True,False
4672808661,37,11,264,78,38,11,261,57,True,False,True,False,False,False
4643718292,146,59,761,199,139,47,700,130,True,True,True,True,True,False
4200577198,79,35,3663,1277,79,32,3529,956,True,False,True,False,False,False
4401870234,46,15,319,116,44,14,303,79,True,False,True,False,True,False
2058148983,61,20,43,13,60,17,34,9,True,True,True,False,True,False
2069774757,42,18,1795,534,46,16,1685,372,True,True,True,False,True,False
3431879179,35,15,380,118,41,15,397,85,True,False,True,False,False,False
4256622048,68,26,58,24,64,21,57,21,True,True,False,False,False,False
4346970606,57,22,613,178,56,21,519,111,True,False,True,False,True,False
3764759336,83,23,55,14,84,23,52,7,True,False,True,False,True,False
4034038494,79,27,78,25,88,28,77,18,True,False,True,False,False,False
2114341514,129,47,678,225,128,38,684,179,True,True,True,False,False,False
2062075977,91,32,91,32,93,30,93,30,False,False,False,False,False,False
6015919609,150,59,761,199,140,46,703,129,True,True,True,True,True,False
1557919756,35,13,1591,462,37,12,1569,328,True,False,True,False,False,False
1701333916,80,37,200,77,79,31,197,44,True,True,True,False,True,False
2026258516,73,23,947,278,73,21,860,207,True,False,True,False,False,False
3903296442,43,18,85,26,43,14,83,15,True,True,True,True,True,False
1953270965,37,15,101,36,37,11,89,26,True,True,True,True,False,False
4435686270,78,24,4000,1082,84,24,3780,816,True,False,True,False,False,False
1574873794,112,40,579,162,122,35,529,109,True,True,True,False,True,False
18465816919,156,55,1094,359,166,38,1137,271,True,True,True,True,False,True
2057811649,78,25,540,186,101,22,528,136,True,True,True,False,False,False
1728174549,51,23,232,75,48,21,245,57,True,False,True,False,False,False
4991881534,97,41,154,59,96,36,163,48,True,True,False,False,False,False
8431814058,71,27,284,88,71,24,275,66,True,True,True,False,False,False
1627587582,70,26,544,170,72,19,521,105,True,True,True,True,True,False
4804861605,45,18,45,18,47,14,47,14,True,True,True,True,False,False
4780994423,97,35,1153,399,114,26,1208,257,True,True,True,True,True,False
4851901157,57,14,197,68,74,17,195,54,True,False,True,False,False,False
1326086493,52,23,109,47,49,21,110,44,False,False,False,False,False,False
1639219119,108,47,429,113,100,39,417,76,True,True,True,False,True,False
2296574953,78,37,761,199,73,33,701,126,True,True,True,False,True,False
2062845102,77,28,180,60,75,21,183,43,True,True,True,True,False,False
2235828707,84,33,381,143,85,29,356,95,True,True,True,False,True,False
4656986610,62,23,49,18,58,20,46,13,True,True,True,False,False,False
1437868238,44,19,67,18,51,16,81,15,True,True,False,False,False,False
1818739935,29,10,1229,365,30,9,1175,282,True,False,True,False,False,False
4457149562,75,34,75,34,73,26,73,26,True,True,True,True,False,False
4641374150,34,12,414,124,36,12,369,77,True,False,True,False,True,False
2115880476,47,15,102,32,50,16,107,23,True,False,True,False,False,False
1438441444,55,22,1392,386,56,21,1294,271,True,False,True,False,False,False
3642422898,35,11,634,173,36,12,592,134,True,False,True,False,False,False
3836576451,132,46,796,265,137,33,811,182,True,True,True,True,True,False
3836676657,117,40,794,265,122,30,814,187,True,True,True,True,False,False
1914706723,65,17,825,239,68,16,763,163,True,False,True,False,True,False
3054671141,69,29,358,104,62,24,328,74,True,True,True,False,False,False
2057342439,78,37,78,37,74,33,74,33,True,True,False,False,False,False
4206269897,150,58,169,61,144,42,168,43,True,True,True,True,False,False
3108657350,67,30,157,50,70,31,183,36,True,False,True,False,False,False
178258449477,45,16,135,42,45,12,136,31,True,True,True,True,False,False
4435528162,53,16,1152,328,56,14,1151,227,True,True,True,False,True,False
4530026053,57,23,513,161,62,19,538,116,True,True,True,False,False,False
4232666143,73,30,39,14,73,23,38,11,True,True,True,True,False,False
3055576029,67,24,1024,365,81,23,1055,294,True,False,False,False,False,False
2059400154,74,32,74,32,83,26,83,26,True,True,False,False,False,False
1639390814,102,46,652,186,118,39,627,130,True,True,True,False,True,False
1401982678,55,19,1590,502,52,16,1591,364,True,True,True,False,False,False
8431809688,71,26,284,88,72,24,281,67,True,False,True,False,False,False
4867542841,82,35,59,26,104,31,56,23,True,True,False,False,False,False
4659194738,52,23,91,49,63,23,91,45,False,False,False,False,False,False
3044025040,41,20,471,164,43,16,446,114,True,True,True,False,True,False
3411721643,80,29,80,29,80,20,80,20,True,True,True,True,True,True
4581502608,43,15,43,15,41,11,41,11,True,True,True,True,False,False
4538419241,55,19,206,77,61,13,190,57,True,True,True,True,False,True
1905948078,69,23,224,67,71,22,226,52,True,False,True,False,False,False
1394397775,82,26,1413,388,81,23,1263,257,True,True,True,False,True,False
1374772535,98,44,200,74,110,37,195,40,True,True,True,False,True,False
3557197892,69,23,166,48,73,19,163,29,True,True,True,False,True,False
2247165276,72,22,1070,354,70,18,1081,259,True,True,True,False,False,False
1537709311,63,24,672,290,61,22,731,256,True,False,False,False,False,False
4209814745,52,21,52,21,50,19,50,19,False,False,False,False,False,False
4572636295,43,14,1734,581,47,15,1760,394,True,False,True,False,True,False
4535941097,43,16,1000,322,51,17,984,247,True,False,True,False,False,False
5037293131,46,16,193,57,46,16,163,40,True,False,True,False,False,False
4898626808,54,19,1029,288,49,16,926,177,True,True,True,False,True,False
5096293410,50,17,289,84,48,15,273,59,True,True,True,False,False,False
1457252585,63,20,684,218,69,16,713,180,True,True,False,False,False,False
2026258521,73,23,947,278,74,21,857,209,True,False,True,False,False,False
2026258520,75,25,949,280,76,23,860,212,True,False,True,False,False,False
4354044382,38,18,595,171,42,16,584,123,True,True,True,False,False,False
1416528046,50,27,42,14,50,24,41,14,False,True,False,False,False,False
2359435242,43,16,74,29,51,14,80,26,True,True,False,False,False,False
14613469834,44,15,434,141,52,14,451,104,True,False,True,False,False,False
4535949395,91,35,1000,285,100,32,900,196,True,False,True,False,True,False
4589595738,64,24,113,37,64,21,128,33,True,True,False,False,False,False
4619195159,47,14,65,19,51,16,72,21,False,False,False,False,False,False
4451288784,66,28,973,292,77,26,945,210,True,False,True,False,False,False
3446029040,67,30,555,193,74,29,536,136,True,False,True,False,False,False
2058563113,246,102,821,238,258,93,723,150,True,False,True,False,True,False
202363939789,139,63,2608,783,141,57,2401,513,True,False,True,False,True,False
4628867825,60,22,62,22,62,22,62,22,False,False,False,False,False,False
2068436073,150,48,129,42,151,34,128,32,True,True,True,True,False,False
4129122420,46,13,999,350,47,13,832,217,True,False,True,False,True,False
1640340946,62,24,119,34,64,23,132,27,True,False,True,False,False,False
1811606488,56,21,246,90,52,19,229,65,True,False,True,False,False,False
102514982310,43,18,369,130,45,13,372,93,True,True,True,True,False,False
4176217131,36,9,311,82,34,8,281,53,True,True,True,False,True,False
3032709817,79,27,151,53,76,26,155,41,True,False,True,False,False,False
2114716134,74,33,88,30,69,27,77,19,True,True,True,False,True,False
4944579314,173,67,1768,521,172,53,1640,350,True,True,True,True,True,False
2055886100,41,12,1994,589,43,12,1816,406,True,False,True,False,True,False
2275666316,57,18,57,18,58,16,58,16,True,True,False,False,False,False
1711687490,66,24,861,233,63,20,783,151,True,True,True,False,True,False
2062770841,76,33,199,88,80,29,189,67,True,True,True,False,False,False
2067377960,134,54,223,98,158,45,215,72,True,True,True,False,False,False
2977755545,64,20,250,63,62,16,253,54,True,True,False,False,False,False
50016874555,63,25,33,11,69,23,40,9,True,False,False,False,False,False
50602314209,64,22,829,231,66,23,728,177,True,False,True,False,False,False
4471122121,41,14,813,227,41,14,693,171,True,False,True,False,False,False
4479096588,61,22,593,209,54,14,495,131,True,True,True,True,True,True
4261185678,111,39,922,279,117,35,795,179,True,True,True,False,True,False
97115452949,46,17,347,101,41,15,295,75,True,True,True,False,False,False
4479095804,64,23,598,209,59,16,505,134,True,True,True,True,True,True
3487828521,85,37,1036,358,98,33,1066,255,True,True,True,False,False,False
1594535010,77,36,1805,703,55,20,1940,563,True,True,False,True,False,True
6871473475,134,44,696,283,135,34,711,249,True,True,False,True,False,False
4065721591,139,53,3103,990,170,47,3129,826,True,True,False,False,False,False
2092174215,50,20,212,69,49,19,198,42,True,False,True,False,True,False
1816430010,51,16,224,77,57,18,223,48,True,False,True,False,True,False
2183968048,142,42,83,25,147,35,83,23,False,True,False,False,False,False
1374772550,99,44,200,74,111,37,199,40,True,True,True,False,True,False
1914403252,67,24,1412,391,71,17,1226,251,True,True,True,True,True,False
3289002540,128,52,383,145,121,49,363,117,True,False,False,False,False,False
3289002505,134,53,389,146,127,50,371,119,True,False,False,False,False,False
4298588573,45,14,774,242,44,14,680,145,True,False,True,False,True,False
3772512066,72,27,470,151,75,24,437,103,True,True,True,False,True,False
4542321633,124,43,803,267,129,31,817,185,True,True,True,True,True,False
4022447951,68,19,337,110,69,18,332,80,True,False,True,False,False,False
14613456118,73,30,341,140,77,25,364,111,True,True,True,False,False,False
29608029868,120,51,881,251,128,40,800,166,True,True,True,True,True,False
4915591396,84,37,64,27,104,32,88,23,True,True,False,False,False,False
4657354294,44,18,1161,341,43,16,1023,212,True,True,True,False,True,False
3525845999,33,13,631,173,38,11,620,133,True,True,True,False,False,False
1316058339,39,18,592,178,36,16,515,105,True,True,True,False,True,False
3791139342,43,17,497,156,49,14,431,85,True,True,True,False,True,False
2314360284,34,11,106,30,36,9,93,17,True,True,True,False,True,False
5018389488,54,22,54,22,68,18,68,18,True,True,False,False,False,False
1430988070,64,23,308,107,69,21,296,80,True,False,True,False,False,False
2150036453,43,18,352,101,50,16,327,70,True,True,True,False,True,False
3926867260,95,30,209,90,117,30,243,90,False,False,False,False,False,False
3107598853,100,36,100,36,104,35,104,35,False,False,False,False,False,False
4408616491,21,7,60,22,24,7,65,15,True,False,True,False,True,False
4405676807,92,37,289,92,100,28,290,59,True,True,True,True,True,False
4304261357,76,24,976,375,75,21,919,259,True,True,True,False,True,False
3882201915,70,19,365,116,73,18,353,90,True,False,True,False,False,False
4572374020,60,23,89,36,83,27,113,38,False,False,False,False,False,False
75959618233,80,29,80,29,85,22,85,22,True,True,True,True,False,False
2135054445,104,36,5,1,109,36,5,1,False,False,False,False,False,False
4973150488,71,25,997,332,66,18,844,208,True,True,True,True,True,False
4214739605,87,33,263,88,87,23,279,54,True,True,True,True,True,True
4454965094,48,17,657,197,57,15,621,145,True,True,True,False,False,False
4450888165,50,18,903,289,50,18,894,202,True,False,True,False,True,False
2111350136,73,31,88,30,73,25,77,19,True,True,True,False,True,False
2113288221,75,33,88,30,75,28,77,19,True,True,True,False,True,False
2169220658,46,16,1598,506,56,16,1612,382,True,False,True,False,False,False
5165108496,68,24,1738,553,92,23,1836,396,True,False,True,False,False,False
1816428069,79,30,557,188,85,28,538,126,True,False,True,False,True,False
3227376447,41,17,574,163,40,16,549,120,True,False,True,False,False,False
2119398744,59,23,286,93,58,17,260,60,True,True,True,True,True,False
2165015487,37,15,101,36,39,11,91,25,True,True,True,True,True,False
1784900254,37,16,1854,605,37,15,1780,463,True,False,True,False,False,False
146777938215,52,25,2613,954,51,21,2771,727,True,True,True,False,False,False
364679238122,51,23,1458,495,66,24,1426,357,True,False,True,False,False,False
53263275323,109,39,749,261,116,37,795,234,True,False,False,False,False,False
4215038721,49,18,999,350,54,17,844,199,True,False,True,False,True,False
4726704241,51,17,92,33,51,17,97,26,True,False,True,False,False,False
2727127831,61,26,61,26,64,24,64,24,False,False,False,False,False,False
4202096119,52,26,227,68,57,25,232,50,True,False,True,False,False,False
2062766801,82,36,123,45,86,27,109,28,True,True,True,True,True,False
2113760999,57,21,159,55,66,18,198,48,True,True,False,False,False,False
4231111906,73,30,39,14,73,23,38,11,True,True,True,True,False,False
4232471781,75,29,39,15,69,23,38,11,True,True,True,True,False,False
3794247232,42,17,289,85,37,16,226,53,True,True,True,False,True,False
3269719212,172,57,634,212,191,44,629,155,True,True,True,True,False,False
2066246683,95,28,995,291,105,20,908,201,True,True,True,True,True,False
4003298247,67,21,999,329,67,17,897,243,True,True,True,False,False,False
4397595587,34,14,492,154,35,11,452,105,True,True,True,True,True,False
4272843119,75,22,990,416,90,21,1009,285,True,False,True,False,True,False
2452901483,50,20,83,33,50,21,80,27,True,False,False,False,False,False
2061309144,50,16,471,132,50,16,431,85,True,False,True,False,True,False
2059483876,57,17,471,132,57,17,434,87,True,False,True,False,True,False
14613464513,50,25,376,129,51,23,423,108,True,False,False,False,False,False
146011937628,78,23,78,23,95,24,95,24,False,False,False,False,False,False
3347114660,70,23,539,195,67,18,527,123,True,True,True,True,True,False
4687116172,72,35,969,260,74,34,899,190,True,False,True,False,False,False
3580539229,199,70,1239,426,222,56,1231,311,True,True,True,False,False,False
18468188878,282,102,1051,325,289,82,961,200,True,True,True,False,True,False
4658620132,36,12,116,44,34,11,133,44,False,False,False,False,False,False
1840606003,83,25,214,103,82,21,224,96,False,True,False,False,False,False
4149299298,60,21,126,47,65,21,106,42,True,False,False,False,False,False
14613588147,94,35,786,266,102,28,806,196,True,True,True,False,False,False
14613464473,54,23,844,323,59,18,888,252,True,True,True,True,False,False
1646144729,42,14,2323,671,45,12,2283,519,True,True,True,False,False,False
1427286361,52,13,369,103,57,11,360,77,True,True,True,False,False,False
2054657150,52,17,187,58,43,14,166,38,True,True,True,False,True,False
4761512241,75,21,75,21,82,19,82,19,False,False,False,False,False,False
5318769457,63,19,647,216,67,12,632,133,True,True,True,True,True,True
5169257623,114,42,81,29,116,35,86,23,True,True,True,False,False,False
1635692869,68,23,289,96,75,22,273,69,True,False,True,False,False,False
2058316912,68,23,289,96,75,22,274,70,True,False,True,False,False,False
2057685237,46,20,185,60,46,18,157,31,True,False,True,False,True,False
4165585148,54,23,77,20,54,23,86,14,True,False,True,False,False,False
4489521100,77,23,251,81,81,21,259,58,True,False,True,False,False,False
3439202323,40,13,271,69,41,13,273,56,True,False,False,False,False,False
2338916683,137,50,1132,345,138,43,1067,247,True,True,True,False,False,False
3770456617,39,12,160,44,42,10,179,41,False,True,False,False,False,False
3461052410,93,27,34,11,95,25,40,9,True,False,False,False,False,False
3259289288,51,15,250,89,58,13,264,77,True,True,False,False,False,False
5210078086,40,10,260,91,40,8,268,80,True,True,False,False,False,False
4259241183,55,20,55,20,55,18,55,18,False,False,False,False,False,False
2074458538,100,33,100,33,96,22,96,22,True,True,True,True,True,True
4542039020,39,12,39,12,37,9,37,9,True,True,True,True,False,False
2066509477,50,20,288,86,50,21,251,60,True,False,True,False,True,False
1718471304,62,22,324,91,61,19,305,64,True,True,True,False,False,False
4542386587,104,38,1219,361,99,31,1041,224,True,True,True,False,True,False
1656969942,56,20,1873,637,68,15,1923,487,True,True,True,True,False,False
4210986952,68,22,1389,435,78,19,1340,306,True,True,True,False,False,False
46983614517,68,30,68,30,62,25,62,25,True,True,False,False,False,False
2124411604,56,17,144,46,55,17,136,25,True,False,True,False,True,False
3628533316,30,15,1651,457,30,15,1457,271,True,False,True,False,True,False
2604119334,98,39,98,39,110,35,110,35,True,True,False,False,False,False
2027890207,20,7,76,19,20,7,81,21,False,False,False,False,False,False
54158093151,70,27,834,287,68,19,846,212,True,True,True,True,False,False
2118416856,84,31,776,227,85,23,732,157,True,True,True,True,True,False
2027929598,64,24,461,152,68,22,494,100,True,False,True,False,True,False
4450602322,32,11,222,84,32,11,237,70,True,False,False,False,False,False
3501285885,114,41,579,162,122,35,531,109,True,True,True,False,True,False
1639699607,61,21,146,51,58,17,143,35,True,True,True,False,True,False
2075914534,73,32,1258,387,74,27,1217,248,True,True,True,False,True,False
3054434630,104,47,582,207,123,40,659,167,True,True,False,False,False,False
4483987744,78,24,78,24,87,20,87,20,True,True,False,False,False,False
5154681248,72,32,1477,533,79,23,1621,374,True,True,True,True,False,False
4643943359,146,58,761,199,143,45,699,129,True,True,True,True,True,False
2296451977,79,38,761,199,75,34,694,127,True,True,True,False,True,False
5173394727,61,19,1283,471,71,18,1343,390,True,False,False,False,False,False
146011948003,71,19,71,19,88,23,88,23,False,False,False,False,False,False
1347237190,81,33,93,36,84,31,96,34,False,False,False,False,False,False
2122362220,62,19,873,257,65,17,851,179,True,True,True,False,True,False
1752749942,46,16,551,170,56,13,564,121,True,True,True,False,False,False
4247271139,62,20,1389,435,70,17,1330,298,True,True,True,False,True,False
1770010645,85,30,373,126,92,22,378,89,True,True,True,True,False,False
55721888445,75,29,829,309,79,28,735,213,True,False,True,False,True,False
4699280965,35,11,225,72,30,9,232,52,True,True,True,False,False,False
1694379811,49,16,391,137,49,12,352,88,True,True,True,True,True,False
4130010417,54,15,409,108,64,14,412,76,True,False,True,False,False,False
4448830722,39,10,253,88,39,8,259,65,True,True,True,False,False,False
1313607746,76,28,1124,355,86,23,1026,230,True,True,True,False,True,False
4620685919,64,23,868,249,65,23,764,165,True,False,True,False,True,False
4718263231,77,27,570,184,74,25,511,126,True,False,True,False,True,False
3609077013,73,33,73,33,80,30,80,30,False,False,False,False,False,False
3474372520,168,68,949,283,176,53,913,190,True,True,True,True,True,False
4272885125,78,27,990,419,108,26,902,229,True,False,True,False,True,False
4316999113,108,37,241,86,111,25,232,51,True,True,True,True,True,True
3831256267,53,21,513,195,55,21,407,102,True,False,True,False,True,False
2068602973,125,51,1547,498,113,38,1481,343,True,True,True,True,True,False
5014897285,55,21,294,105,55,17,297,74,True,True,True,False,False,False
4197138413,55,21,375,134,61,20,356,90,True,False,True,False,True,False
157726428514,46,16,29,12,48,14,28,9,True,True,True,False,False,False
167570408533,72,30,182,71,72,23,192,55,True,True,True,True,False,False
422592070627,97,47,2663,881,97,43,2661,668,True,False,True,False,False,False
2092938385,51,18,244,88,51,18,247,74,True,False,False,False,False,False
2057986140,54,19,711,192,54,19,682,124,True,False,True,False,True,False
1701333847,78,38,200,77,77,30,191,44,True,True,True,True,True,False
1398443073,101,46,200,74,111,36,199,40,True,True,True,True,True,False
18466210670,187,65,1058,349,205,52,1088,267,True,True,True,False,False,False
4750249486,82,33,340,98,89,29,308,58,True,True,True,False,True,False
4589678847,64,24,57,20,64,21,57,20,False,True,False,False,False,False
2111041560,80,25,818,272,80,20,785,179,True,True,True,False,True,False
2056078364,68,20,818,272,67,17,779,176,True,True,True,False,True,False
3050045988,55,23,1081,326,63,20,958,204,True,True,True,False,True,False
1951195150,43,18,43,18,47,17,47,17,False,False,False,False,False,False
1813034413,72,23,532,182,75,20,516,121,True,True,True,False,True,False
117154450703,53,20,242,74,54,20,233,57,True,False,True,False,False,False
3999176481,69,23,197,63,69,20,179,34,True,True,True,False,True,False
3046471496,31,10,31,10,31,9,31,9,False,False,False,False,False,False
5183692300,85,32,585,178,91,31,528,103,True,False,True,False,True,False
1653994308,80,28,253,68,89,25,251,56,True,True,False,False,False,False
4613276653,174,69,907,285,202,59,894,196,True,True,True,False,True,False
1694379812,50,16,392,137,50,12,353,87,True,True,True,True,True,False
2296493468,162,57,2712,773,178,43,2511,496,True,True,True,True,True,False
373850283306,44,16,44,16,43,14,43,14,True,True,False,False,False,False
100995265790,87,30,50,17,82,23,48,15,True,True,False,True,False,False
1633806208,40,19,346,108,37,15,364,82,True,True,True,True,False,False
4635981164,122,50,443,120,117,42,419,81,True,True,True,False,True,False
4825375981,66,20,164,59,67,19,175,52,True,False,False,False,False,False
4289086328,39,12,806,232,42,10,806,165,True,True,True,False,False,False
1319944364,40,14,40,14,44,12,44,12,True,True,False,False,False,False
2092610519,85,29,1017,331,85,24,1025,245,True,True,True,False,False,False
3594649033,64,25,999,379,82,23,988,291,True,False,True,False,False,False
3359180524,90,29,876,292,88,27,790,213,True,False,True,False,False,False
5090005101,42,16,36,13,44,11,40,10,True,True,True,True,False,True
212394033260,59,20,59,20,62,17,62,17,True,True,False,False,False,False
125323389433,92,39,2082,573,85,34,1912,391,True,True,True,False,True,False
4223934140,38,15,1716,519,37,16,1451,315,True,False,True,False,True,False
2168053481,57,19,110,37,68,23,119,27,True,False,True,False,False,False
4259429802,51,15,2845,841,53,14,2677,579,True,False,True,False,True,False
4260680249,71,24,63,20,85,24,62,11,True,False,True,False,True,False
3929215225,31,11,31,11,36,11,36,11,False,False,False,False,False,False
2007847537,30,12,202,81,35,12,239,61,True,False,True,False,False,False
4479096850,72,30,600,212,76,24,502,136,True,True,True,False,True,False
107725296889,98,38,83,32,108,32,89,29,False,True,False,False,False,False
4161797606,58,25,2304,689,58,25,2025,434,True,False,True,False,True,False
4132281843,57,25,1986,601,59,26,1746,363,True,False,True,False,True,False
1903466347,95,40,182,68,95,36,168,57,True,False,False,False,False,False
1810185303,74,36,1195,360,74,34,1053,240,True,False,True,False,True,False
3236601708,75,25,987,391,80,16,790,234,True,True,True,True,True,True
1438326380,42,16,34,10,42,13,46,8,True,True,False,False,False,False
4536041187,63,19,176,49,63,18,182,33,True,False,True,False,True,False
1684789889,73,20,5000,1407,75,18,4863,1001,True,False,True,False,False,False
1382214880,54,19,696,187,53,18,682,127,True,False,True,False,True,False
18468695966,283,102,1051,325,292,82,970,200,True,True,True,False,True,False
4926426630,66,22,897,240,67,19,821,167,True,True,True,False,True,False
114453608394,58,17,300,94,60,19,328,78,True,False,False,False,False,False
2003710867,48,15,397,140,51,13,407,98,True,True,True,False,False,False
3630377420,192,66,1070,311,204,51,1069,216,True,True,True,True,True,False
219547393842,85,36,876,311,89,32,941,223,True,True,True,False,False,False
378133536273,80,31,80,31,83,19,83,19,True,True,True,True,True,True
2455842713,78,30,752,208,87,30,678,149,True,False,True,False,False,False
3404019592,64,30,64,30,80,27,80,26,True,False,False,False,False,False
1847712017,62,20,62,20,62,18,62,18,False,False,False,False,False,False
1533602348,73,28,0,0,89,23,0,0,False,True,False,False,False,False
2254264382,61,17,166,49,74,15,174,35,True,True,True,False,False,False
23230310067,50,16,50,16,50,14,50,14,True,True,False,False,False,False
4667944802,82,30,651,201,90,28,592,129,True,False,True,False,True,False
3648904906,128,39,660,222,139,29,692,155,True,True,True,True,True,False
2119476678,59,23,286,93,59,17,261,61,True,True,True,True,True,False
3644272514,152,61,1116,329,154,54,1059,229,True,True,True,False,True,False
4451124306,119,35,465,148,115,26,439,108,True,True,True,True,False,False
4705583754,42,16,131,47,48,16,152,41,True,False,False,False,False,False
4735432768,44,17,133,48,50,17,137,35,True,False,True,False,False,False
2007329552,55,17,283,92,55,16,260,63,True,False,True,False,True,False
5018368651,57,17,1650,499,60,15,1591,320,True,True,True,False,True,False
156277207697,70,27,1941,542,89,26,1735,348,True,False,True,False,True,False
3401731422,76,33,999,420,83,26,963,290,True,True,True,True,True,False
19705527158,66,24,90,32,81,25,114,32,False,False,False,False,False,False
107725290582,98,38,83,32,108,33,89,29,False,True,False,False,False,False
1565913509,83,25,451,146,85,24,401,85,True,False,True,False,True,False
2115151765,77,28,341,112,72,24,289,62,True,True,True,False,True,False
2281691154,94,31,3829,1194,90,28,3582,915,True,False,True,False,False,False
4972894677,71,25,997,332,74,19,864,213,True,True,True,True,True,False
10530767652,101,47,266,89,99,40,255,56,True,True,True,False,True,False
10175162517,97,39,97,39,103,38,103,38,False,False,False,False,False,False
2079572106,81,24,231,86,76,19,206,58,True,True,True,True,True,False
2075416140,80,23,226,84,74,19,198,57,True,True,True,False,True,False
4417849752,58,22,233,76,59,21,219,50,True,False,True,False,True,False
18467669365,139,58,835,289,156,51,827,189,True,True,True,False,True,False
1543155210,57,18,1042,301,57,18,972,209,True,False,True,False,True,False
1712080073,55,25,611,169,64,20,581,119,True,True,True,False,False,False
564144132292,62,25,662,202,66,21,646,168,True,True,False,False,False,False
1416827061,68,26,182,51,65,23,178,42,True,True,False,False,False,False
4549189933,40,17,327,112,41,17,348,112,False,False,False,False,False,False
3114734058,57,19,1577,494,59,19,1508,342,True,False,True,False,True,False
4623949166,125,46,673,192,132,39,639,125,True,True,True,False,True,False
1751364886,103,41,675,192,107,33,650,128,True,True,True,False,True,False
3550979323,51,22,51,22,64,26,64,26,False,False,False,False,False,False
1816427364,139,42,548,182,145,40,499,113,True,False,True,False,True,False
2074019451,56,19,597,163,51,17,565,106,True,True,True,False,True,False
21269204096,40,15,948,336,40,15,977,282,True,False,False,False,False,False
1477156406,42,15,34,10,41,13,46,8,True,True,False,False,False,False
309312101477,107,41,778,229,128,32,734,151,True,True,True,True,True,False
3629624977,181,64,1273,442,197,54,1282,323,True,True,True,False,False,False
2111818909,108,39,250,79,108,37,255,60,True,False,True,False,False,False
2339749085,136,49,1132,345,144,43,1067,247,True,True,True,False,False,False
22859701254,39,15,58,23,37,13,57,18,True,True,True,False,False,False
2117948923,51,20,802,252,50,17,730,158,True,True,True,False,True,False
1497880313,67,23,677,218,65,17,664,156,True,True,True,True,False,False
2003336437,42,10,581,164,41,9,522,106,True,False,True,False,True,False
1537709317,58,26,672,290,57,23,743,266,False,True,False,False,False,False
4057032761,84,27,313,102,91,22,287,71,True,True,True,False,True,False
1727736762,66,21,598,174,70,18,561,109,True,True,True,False,True,False
1712570793,100,36,21,5,107,35,21,5,False,False,False,False,False,False
4623947495,45,22,761,223,47,20,714,144,True,False,True,False,True,False
309312102749,121,47,754,220,149,35,721,151,True,True,True,True,True,False
3896058143,61,24,413,137,59,22,370,92,True,False,True,False,True,False
4391919171,43,13,3198,908,50,13,2882,589,True,False,True,False,True,False
3648904752,129,40,588,196,151,30,634,133,True,True,True,True,True,False
3669306485,144,46,667,223,161,32,696,154,True,True,True,True,True,True
3848611844,64,30,658,207,82,30,627,120,True,False,True,False,True,False
1646206864,44,19,665,199,49,17,630,138,True,True,True,False,True,False
3052165975,57,26,695,204,59,21,684,134,True,True,True,False,True,False
4451342506,102,37,227,86,101,31,223,63,True,True,True,False,False,False
4157381557,66,21,1389,435,75,19,1334,305,True,False,True,False,False,False
4680203965,76,26,133,38,101,24,144,34,True,False,False,False,False,False
4643011415,40,16,319,106,40,16,335,85,True,False,False,False,False,False
4623934568,44,20,545,167,49,18,547,121,True,False,True,False,False,False
4451089335,78,22,144,53,89,18,140,45,True,True,False,False,False,False
343200247912,37,16,415,129,43,17,404,95,True,False,True,False,False,False
4285709211,50,17,88,24,52,16,107,17,True,False,True,False,False,False
4316999082,107,36,234,83,110,25,220,50,True,True,True,True,True,True
14613461939,50,25,376,129,51,23,424,108,True,False,False,False,False,False
5041670056,73,26,128,50,83,23,146,41,True,True,False,False,False,False
4913742546,68,24,140,56,76,21,138,44,True,True,True,False,False,False
2133358535,84,27,818,272,84,22,785,179,True,True,True,False,True,False
3214249597,52,16,211,66,53,14,221,53,True,True,False,False,False,False
60367707728,62,27,268,76,67,27,224,59,True,False,True,False,False,False
150594502346,55,18,55,18,51,17,51,17,False,False,False,False,False,False
2059052537,36,11,1246,361,37,11,1223,293,True,False,False,False,False,False
3633572726,108,34,108,34,105,31,105,31,False,False,False,False,False,False
2092610533,73,26,738,237,76,23,770,177,True,True,True,False,False,False
1477293192,139,43,944,262,143,33,936,191,True,True,True,True,False,False
18465721026,156,51,1080,354,178,42,1130,273,True,True,True,False,False,False
4495044650,59,21,46,17,57,18,50,14,True,True,False,False,False,False
1654102057,104,36,1304,450,88,23,1272,293,True,True,True,True,True,True
3075628047,89,32,89,32,103,25,103,25,True,True,True,True,False,False
2027838359,59,23,536,175,67,21,535,135,True,False,True,False,False,False
4657354285,44,18,1161,341,43,16,1044,214,True,True,True,False,True,False
79993360240,94,35,1960,629,106,28,1957,395,True,True,True,False,True,False
4579172309,46,18,552,176,46,17,554,127,True,False,True,False,False,False
4636381625,139,59,910,308,130,43,872,227,True,True,True,True,False,False
49857216438,48,17,214,76,46,14,236,57,True,True,True,False,False,False
2056662276,50,20,45,16,49,18,42,13,True,False,False,False,False,False
4663785560,32,16,160,61,29,12,154,38,True,True,True,True,True,False
3485676898,38,12,526,155,39,8,465,94,True,True,True,True,True,True
2180579787,142,42,83,25,147,35,83,23,False,True,False,False,False,False
2183963548,142,42,83,25,145,35,83,23,False,True,False,False,False,False
87820911338,159,62,776,287,159,51,789,225,True,True,True,False,False,False
2298730254,58,22,287,90,58,17,264,70,True,True,True,True,False,False
3349756713,70,26,70,26,87,22,87,22,True,True,False,False,False,False
4384403228,58,25,999,348,58,25,876,239,True,False,True,False,True,False
1721524699,115,40,459,135,120,34,457,94,True,True,True,False,True,False
4195993580,38,12,135,46,37,11,136,35,True,False,True,False,False,False
1646275700,36,10,121,39,39,11,117,29,True,False,True,False,False,False
1780678934,64,19,1171,398,72,19,1102,254,True,False,True,False,True,False
3860948251,75,29,999,365,73,26,846,216,True,True,True,False,True,False
2058132898,45,16,1350,363,37,14,1196,259,True,True,True,False,False,False
4274235353,77,29,1128,366,69,21,1012,259,True,True,True,True,False,False
86283717806,55,18,55,18,52,12,52,12,True,True,True,True,True,True
4631852445,47,16,238,69,48,12,229,39,True,True,True,True,True,False
1395111624,51,16,95,28,50,14,93,24,True,True,False,False,False,False
4215058789,69,27,69,27,75,22,75,22,True,True,False,False,False,False
1848008894,79,28,79,28,75,20,75,20,True,True,True,True,False,False
2061673563,59,20,153,48,62,19,134,35,True,False,True,False,False,False
3934602500,80,30,80,30,94,28,94,28,False,False,False,False,False,False
1565925308,76,22,1079,312,76,22,1018,211,True,False,True,False,True,False
2551494872,46,17,1255,440,44,11,1215,306,True,True,True,True,True,True
5003601219,90,29,4898,1496,103,24,4859,1096,True,True,True,False,False,False
5185236541,88,28,88,28,94,20,94,20,True,True,True,True,False,False
4196030610,93,31,849,281,84,26,822,208,True,True,True,False,False,False
2159739481,60,20,590,162,60,20,604,122,True,False,True,False,False,False
53263229623,89,32,759,262,97,29,815,230,True,False,False,False,False,False
3903241588,54,19,102,31,55,19,113,23,True,False,True,False,False,False
4943818903,45,15,112,35,46,16,116,24,True,False,True,False,True,False
2135316663,40,12,1578,479,54,13,1411,337,True,False,True,False,False,False
7026230674,51,16,57,15,54,12,55,14,False,True,False,True,False,False
2062766088,83,32,200,58,91,27,230,55,False,True,False,False,False,False
4643898157,278,100,1051,325,294,85,972,203,True,True,True,False,True,False
47752312088,126,45,688,242,119,30,673,160,True,True,True,True,True,True
4140165052,56,23,1151,315,60,21,1094,217,True,False,True,False,True,False
1994805938,68,19,141,46,66,17,142,35,True,True,True,False,False,False
2199135578,49,17,512,158,45,13,493,116,True,True,True,True,False,False
4206224036,40,17,234,90,38,15,245,61,True,True,True,False,True,False
4155510577,62,22,999,341,60,17,834,180,True,True,True,True,True,False
4040016243,71,25,999,369,66,19,947,264,True,True,True,True,False,False
156277514294,112,39,570,156,116,29,511,99,True,True,True,True,True,False
138963214044,98,33,37,14,98,26,52,14,False,True,False,True,False,False
3954668240,79,23,999,356,81,20,856,186,True,True,True,False,True,False
3361906432,80,31,80,31,83,23,83,23,True,True,True,True,False,False
4226659635,74,31,39,14,76,24,38,10,True,True,True,True,False,False
292830032329,64,25,995,319,62,19,797,181,True,True,True,True,True,False
2114049002,67,25,61,19,78,24,61,15,True,False,True,False,False,False
1386747994,78,21,472,135,77,14,422,88,True,True,True,True,True,True
1528865186,78,24,507,153,75,22,526,128,True,False,False,False,False,False
2057145715,79,26,332,94,79,26,315,66,True,False,True,False,False,False
4157551094,29,11,148,47,28,9,138,31,True,True,True,False,True,False
3501281334,92,38,1019,306,105,28,916,198,True,True,True,True,True,False
4150903563,122,48,1019,306,130,36,915,200,True,True,True,True,True,False
4223043910,49,21,227,72,50,18,220,48,True,True,True,False,True,False
1867286717,71,20,71,20,75,18,75,18,False,False,False,False,False,False
2163049577,75,27,33,13,87,27,33,7,True,False,True,False,True,False
3612961288,58,21,197,63,58,19,181,34,True,False,True,False,True,False
38406123057,102,42,881,251,112,31,800,164,True,True,True,True,True,False
4642512906,102,42,215,67,109,34,195,43,True,True,True,False,True,False
2063588766,77,29,1568,428,85,24,1545,310,True,True,True,False,False,False
45531943201,66,26,498,171,67,20,463,122,True,True,True,True,False,False
5027483278,64,26,451,162,66,25,437,102,True,False,True,False,True,False
124021630369,28,9,55,24,28,9,55,23,False,False,False,False,False,False
3363370353,63,29,172,64,76,26,186,49,True,True,True,False,False,False
3419405027,117,49,166,53,152,42,190,38,True,True,True,False,False,False
2058278464,77,39,892,279,74,27,936,244,True,True,False,True,False,True
314601953357,44,16,1028,329,46,12,1011,234,True,True,True,True,False,False
4272137501,72,25,342,96,71,20,304,67,True,True,True,False,True,False
3403917033,98,44,581,208,116,39,618,158,True,True,True,False,False,False
1537709308,55,24,672,290,52,22,743,265,False,False,False,False,False,False
4828387554,48,21,84,29,50,21,88,29,False,False,False,False,False,False
3849817492,51,18,723,180,52,17,693,125,True,False,True,False,True,False
1741741476,60,18,141,43,65,16,149,34,True,True,True,False,False,False
4680204120,76,23,139,38,100,23,148,34,True,False,False,False,False,False
3470148182,25,11,172,54,25,11,177,39,True,False,True,False,False,False
1415647813,88,29,81,28,89,24,69,19,True,True,True,False,True,False
7161172305,45,12,1399,426,45,10,1376,284,True,True,True,False,True,False
1456843034,60,23,40,15,55,21,36,15,False,False,False,False,False,False
2148153592,55,16,352,103,53,11,406,79,True,True,True,True,False,True
5007075941,43,20,1106,345,42,19,1075,273,True,False,True,False,False,False
4840773591,84,35,285,91,99,34,321,70,True,False,True,False,False,False
4841409785,42,13,67,22,43,13,105,23,False,False,False,False,False,False
187508564338,59,20,450,159,63,18,426,105,True,False,True,False,True,False
2064229512,74,37,100,38,71,34,105,30,True,False,True,False,False,False
212771874474,66,24,219,83,79,21,223,59,True,True,True,False,False,False
4755359264,27,10,203,75,26,9,194,53,True,False,True,False,False,False
4628467232,166,59,570,188,164,42,560,132,True,True,True,True,False,False
580549064505,24,11,645,195,24,11,647,146,True,False,True,False,False,False
3881831374,131,48,131,48,126,43,126,43,True,True,False,False,False,False
4536450435,50,15,132,40,58,11,130,28,True,True,True,True,False,False
4439737347,65,21,769,283,68,16,625,130,True,True,True,True,True,False
3920807098,47,14,244,85,47,11,234,63,True,True,True,True,False,False
1709057480,48,11,1635,534,46,10,1623,393,True,False,True,False,False,False
1312695289,52,16,1487,410,54,14,1311,285,True,True,True,False,True,False
3044853716,63,17,1191,323,65,16,1016,222,True,False,True,False,True,False
4534359957,105,34,1194,330,122,27,1174,231,True,True,True,True,False,False
4900378668,88,40,666,230,101,34,636,161,True,True,True,False,False,False
18467925256,172,64,599,183,172,52,590,122,True,True,True,False,True,False
18465851371,166,60,599,183,167,50,598,122,True,True,True,False,True,False
2066624968,56,17,1423,390,60,16,1236,261,True,False,True,False,True,False
4570764341,37,10,1292,416,38,9,1302,320,True,False,True,False,False,False
5087832312,51,16,184,61,55,12,182,41,True,True,True,True,True,False
1751364880,99,37,667,190,94,30,634,124,True,True,True,False,True,False
1502384801,27,9,1138,303,28,8,1008,200,True,True,True,False,True,False
4742698844,60,24,372,98,61,22,347,73,True,False,True,False,False,False
1843271409,27,11,245,68,27,11,272,58,True,False,False,False,False,False
50602309472,53,17,829,231,53,17,721,177,True,False,True,False,False,False
1453532038,32,12,307,91,30,11,317,65,True,False,True,False,False,False
1696095096,80,27,252,67,92,27,245,56,True,False,False,False,False,False
1627738213,48,19,248,76,54,13,285,61,True,True,False,True,False,True
2116342008,104,41,655,208,108,32,638,134,True,True,True,True,True,False
5167083430,92,30,1115,350,101,23,1136,265,True,True,True,True,False,False
2070791273,52,17,457,134,57,17,485,112,True,False,False,False,False,False
1419344414,41,13,19,7,44,11,20,4,True,True,True,False,True,False
1778563595,33,15,243,80,36,13,244,60,True,True,True,False,False,False
1398682725,57,18,69,22,53,14,71,17,True,True,True,True,False,False
4993036319,103,36,219,72,119,32,211,55,True,True,True,False,False,False
113196401893,114,42,218,72,129,38,219,55,True,False,True,False,False,False
2075240892,109,39,333,126,100,31,327,105,True,True,False,True,False,False
109165560395,62,25,155,58,59,23,191,50,True,False,False,False,False,False
4439737367,65,21,773,285,68,16,632,131,True,True,True,True,True,False
1416301524,136,47,885,315,143,39,870,238,True,True,True,False,False,False
4715847880,62,19,59,15,64,17,63,14,False,True,False,False,False,False
1634282673,49,16,972,284,54,15,802,154,True,False,True,False,True,False
3408556286,46,19,46,19,53,16,53,16,True,True,False,False,False,False
4900256072,62,20,292,96,69,19,286,78,True,False,False,False,False,False
4584646241,57,19,114,38,66,17,109,26,True,True,True,False,True,False
1497939109,49,18,677,218,52,15,664,159,True,True,True,False,False,False
4437827660,64,23,762,281,67,16,622,129,True,True,True,True,True,True
3061887519,62,22,891,274,68,17,878,189,True,True,True,True,True,False
237523614768,171,55,744,208,168,42,616,142,True,True,True,True,True,False
435372126625,74,29,331,94,77,25,323,73,True,True,True,False,False,False
1696438060,66,24,413,124,66,20,361,79,True,True,True,False,True,False
3551872495,69,18,43,11,72,18,41,10,False,False,False,False,False,False
4792436579,43,13,392,146,46,12,419,108,True,False,True,False,False,False
1728174555,51,23,240,74,53,24,215,51,True,False,True,False,True,False
111110399548,44,16,340,119,42,14,345,90,True,True,True,False,False,False
38202857246,76,26,733,218,78,23,666,147,True,True,True,False,True,False
4195960848,32,17,1015,321,33,17,978,214,True,False,True,False,True,False
4444196403,63,33,999,362,65,30,842,224,True,False,True,False,True,False
5215138753,36,18,33,17,36,18,33,17,False,False,False,False,False,False
7161172172,55,14,1399,426,55,12,1366,287,True,True,True,False,True,False
7161173338,44,12,1399,426,44,10,1353,288,True,True,True,False,True,False
18468687381,282,102,1051,325,289,82,970,208,True,True,True,False,True,False
3628839716,111,42,162,56,112,34,166,40,True,True,True,False,False,False
3474685537,89,41,450,162,94,36,418,113,True,True,True,False,True,False
4417818851,49,17,227,72,51,15,221,47,True,True,True,False,True,False
4470296934,62,19,150,53,68,17,147,43,True,True,False,False,False,False
1816929342,74,26,999,346,79,21,848,192,True,True,True,False,True,False
1438483240,51,15,128,32,61,13,127,27,True,True,False,False,False,False
3880409698,65,27,200,59,71,20,203,41,True,True,True,True,True,False
3651289412,43,15,1277,403,46,11,1236,251,True,True,True,True,True,False
107725292534,98,38,83,32,105,32,84,29,False,True,False,False,False,False
2112576214,105,39,922,279,111,34,790,181,True,True,True,False,True,False
86626661064,90,38,1135,400,99,30,1240,314,True,True,True,True,False,False
18466202308,122,46,839,251,121,31,733,154,True,True,True,True,True,True
4348295931,69,23,1041,352,75,20,1045,242,True,True,True,False,True,False
4439426144,72,31,47,21,76,28,38,14,True,False,True,False,True,False
4662042966,53,22,160,61,64,20,155,39,True,False,True,False,True,False
4335156801,126,46,156,42,116,30,149,27,True,True,True,True,True,True
2092610536,73,26,738,237,76,23,771,169,True,True,True,False,False,False
3477269989,58,25,674,191,65,22,616,123,True,True,True,False,True,False
4748650954,50,19,2626,784,59,19,2423,514,True,False,True,False,True,False
2054657143,55,19,187,58,49,16,171,38,True,True,True,False,True,False
4653616782,40,18,266,72,41,15,249,55,True,True,True,False,False,False
2268287413,103,38,65,31,110,31,67,28,False,True,False,False,False,False
146778888902,136,46,1506,562,141,37,1590,414,True,True,True,False,False,False
5197586202,51,19,987,369,65,19,984,253,True,False,True,False,True,False
4285491833,48,15,2529,783,50,14,2355,551,True,False,True,False,False,False
2066624973,61,16,1191,323,63,15,1037,222,True,False,True,False,True,False
3926916973,130,47,647,184,139,38,664,127,True,True,True,False,True,False
4535930871,27,9,1270,344,29,8,1189,248,True,True,True,False,False,False
3451234547,88,31,255,73,90,32,222,37,True,False,True,False,True,False
4898730640,41,11,246,81,42,11,242,53,True,False,True,False,True,False
1472057117,51,23,997,300,51,23,859,170,True,False,True,False,True,False
336556403061,50,23,999,343,48,21,1827,394,False,False,False,False,False,False
2115528606,87,28,112,35,81,23,113,20,True,True,True,False,True,False
3988152389,77,22,77,22,86,16,86,16,True,True,True,True,False,False
2062867476,171,74,901,247,182,59,787,171,True,True,True,True,True,False
2060355842,158,57,739,251,184,50,786,197,True,True,True,False,False,False
3603201749,102,46,796,255,112,41,783,180,True,True,True,False,False,False
3043492443,84,33,35,13,85,22,34,9,True,True,True,True,True,True
156277208014,70,27,1941,542,86,24,1721,348,True,True,True,False,True,False
1775497794,107,37,463,132,110,30,434,89,True,True,True,False,True,False
2054733437,41,16,568,161,43,12,546,114,True,True,True,True,False,False
3299599421,66,26,66,26,61,22,61,22,True,True,False,False,False,False
4843831604,62,18,202,61,65,19,208,41,True,False,True,False,True,False
2066535766,40,12,30,10,37,13,30,9,False,False,False,False,False,False
2175801910,36,12,223,61,41,12,230,46,True,False,True,False,False,False
4179651570,67,27,352,102,70,24,319,76,True,True,True,False,False,False
4385421396,70,24,724,224,71,23,748,159,True,False,True,False,False,False
1548108669,58,25,1113,342,63,22,1062,218,True,True,True,False,True,False
1570945860,80,29,1028,286,105,28,987,213,True,False,True,False,False,False
1520168707,52,22,49,15,48,19,46,12,True,True,False,False,False,False
2168053392,57,21,106,37,57,19,108,23,True,False,True,False,True,False
2120472151,83,36,1300,363,77,34,1172,222,True,False,True,False,True,False
2060185514,80,22,944,284,70,19,826,181,True,True,True,False,True,False
2071751695,125,51,1520,487,121,39,1471,343,True,True,True,True,False,False
4722721497,49,17,254,89,48,14,260,72,True,True,False,False,False,False
2056128836,94,31,285,89,87,25,276,58,True,True,True,False,True,False
2176735919,72,21,818,272,72,18,784,177,True,True,True,False,True,False
2016866277,66,23,66,23,68,19,68,19,True,True,False,False,False,False
3967431643,56,24,1413,391,61,21,1325,267,True,True,True,False,True,False
2068623358,58,22,383,133,74,19,375,93,True,True,True,False,True,False
3633360460,130,42,130,42,135,29,135,29,True,True,True,True,True,True
3913410158,58,24,134,51,55,20,150,33,True,True,True,False,True,False
3245545040,63,23,999,412,83,15,916,221,True,True,True,True,True,True
5031406959,50,19,900,299,64,18,1037,238,True,False,True,False,False,False
4952978442,42,16,3997,1208,56,16,4278,884,True,False,True,False,False,False
156274514359,151,52,2712,773,162,43,2517,500,True,True,True,False,True,False
2336490445,47,17,17,5,55,16,14,3,True,False,True,False,True,False
3949154929,61,14,1077,306,67,16,984,192,True,False,True,False,True,False
2062782802,74,32,169,54,88,25,170,41,True,True,True,True,False,False
38202856033,75,26,733,218,78,23,666,148,True,True,True,False,True,False
38448881724,47,15,328,116,49,13,320,81,True,True,True,False,True,False
3550931655,77,22,997,274,90,18,925,173,True,True,True,False,True,False
4730645460,108,45,91,39,121,37,100,32,True,True,False,False,False,False
4219781521,66,28,1507,464,65,25,1366,289,True,True,True,False,True,False
2181531828,144,44,83,25,144,37,83,23,False,True,False,False,False,False
2058222393,52,20,106,44,52,20,107,41,False,False,False,False,False,False
2064727359,78,27,1141,374,107,20,1105,274,True,True,True,True,False,False
4024663252,77,27,300,86,76,22,305,65,True,True,True,False,False,False
3637042235,62,23,999,412,63,18,821,244,True,True,True,True,True,False
4327866563,62,28,576,220,78,25,589,163,True,True,True,False,False,False
14613465315,50,25,376,129,57,24,426,107,True,False,False,False,False,False
5174571094,67,23,244,69,71,16,240,42,True,True,True,True,True,True
4933360994,42,17,286,83,41,15,244,57,True,True,True,False,True,False
2111351705,76,32,88,30,74,25,77,19,True,True,True,True,True,False
2111349786,76,32,88,30,74,25,77,19,True,True,True,True,True,False
2063839578,47,18,627,175,45,16,583,109,True,True,True,False,True,False
4256926363,67,26,57,24,63,21,56,21,True,True,False,False,False,False
1711852573,59,24,647,184,68,19,627,120,True,True,True,True,True,False
4210985419,43,13,81,24,57,14,92,23,False,False,False,False,False,False
3290843987,40,16,256,72,40,16,261,57,True,False,True,False,False,False
4479424072,47,17,581,199,48,17,565,169,True,False,False,False,False,False
1920503864,54,17,255,71,59,15,286,60,True,True,False,False,False,False
2055448044,58,19,179,57,67,19,198,47,True,False,False,False,False,False
5018023921,61,25,1004,308,63,24,943,208,True,False,True,False,True,False
309670736915,58,23,136,43,60,16,129,37,True,True,False,True,False,True
4499147142,46,19,147,52,53,19,166,44,True,False,False,False,False,False
4929499262,56,20,158,56,57,18,167,43,True,False,True,False,False,False
3626237468,40,16,133,38,44,16,126,25,True,False,True,False,True,False
173652977366,71,28,171,71,76,22,186,59,True,True,False,True,False,False
197910587768,80,27,80,27,79,24,79,24,True,True,False,False,False,False
2067179166,132,64,40,14,135,59,40,6,True,False,True,False,True,False
4700047151,51,17,228,83,51,17,279,60,True,False,True,False,False,False
1453527936,74,22,994,335,81,19,930,227,True,True,True,False,True,False
4628482537,120,44,643,208,107,35,607,150,True,True,True,True,False,False
5067776785,83,35,187,60,84,32,195,38,True,False,True,False,True,False
41375214069,46,13,3399,916,50,9,3147,605,True,True,True,True,True,True
18469192585,157,63,2025,697,190,54,2044,494,True,True,True,False,False,False
4673557611,53,17,112,35,52,17,112,24,True,False,True,False,True,False
2062045929,39,13,39,13,40,12,40,12,False,False,False,False,False,False
4196598949,197,65,993,308,208,57,948,228,True,True,True,False,False,False
1817644740,76,28,76,28,82,24,82,24,True,True,False,False,False,False
4636446230,88,41,216,65,97,33,167,32,True,True,True,False,True,False
5128222238,40,16,709,198,44,16,610,129,True,False,True,False,True,False
4285709207,67,24,88,24,81,24,107,17,True,False,True,False,False,False
4746512285,42,13,290,87,42,13,266,62,True,False,True,False,False,False
87820905399,109,44,177,73,109,38,197,62,True,True,False,False,False,False
4353960088,78,26,999,348,84,27,904,241,True,False,True,False,True,False
4451289887,59,27,973,292,70,25,948,210,True,False,True,False,False,False
5121642074,48,18,272,77,48,17,255,60,True,False,True,False,False,False
156893097471,39,12,26,12,37,10,24,10,True,True,False,False,False,False
4147080749,74,30,129,53,73,29,129,49,False,False,False,False,False,False
3404019551,64,30,64,30,78,27,78,27,False,False,False,False,False,False
4657354311,43,18,1161,341,42,16,1065,216,True,True,True,False,True,False
1592254485,109,38,673,219,103,34,605,157,True,True,True,False,False,False
4065797638,64,26,184,75,66,23,183,66,True,True,False,False,False,False
2338131041,141,49,1132,345,141,42,1067,247,True,True,True,False,False,False
4941134416,76,22,76,22,71,16,71,16,True,True,True,True,False,False
5163452200,115,50,880,251,113,41,789,163,True,True,True,False,True,False
4808134153,50,16,854,296,53,15,874,230,True,False,True,False,False,False
4065795443,64,26,179,74,67,23,179,61,True,True,False,False,False,False
4145496082,23,10,1010,316,24,8,973,214,True,True,True,False,True,False
4589820532,71,29,693,193,77,21,611,126,True,True,True,True,True,False
1765891797,46,16,1536,499,50,13,1536,336,True,True,True,False,True,False
3400442486,66,22,461,146,76,20,389,89,True,False,True,False,True,False
3438816692,92,30,395,144,88,26,404,102,True,True,True,False,False,False
4289077889,89,27,3175,913,88,21,3008,678,True,True,True,True,False,False
2359474749,77,31,66,33,87,28,68,30,False,False,False,False,False,False
1878732185,44,13,1042,301,44,14,973,206,True,False,True,False,True,False
395685899087,116,47,3810,1075,126,39,3394,680,True,True,True,False,True,False
1696208496,43,13,230,63,48,13,221,46,True,False,True,False,False,False
4456625974,66,21,999,360,75,18,863,226,True,True,True,False,True,False
3282474651,95,27,301,108,93,18,287,78,True,True,True,True,False,True
3446029041,69,31,555,193,77,30,540,131,True,False,True,False,True,False
3896015808,43,15,106,34,43,15,134,24,True,False,True,False,False,False
2070908197,79,31,223,80,78,22,241,55,True,True,True,True,True,False
3517506225,62,23,62,23,59,23,59,23,False,False,False,False,False,False
2061448087,38,18,1975,621,45,17,1810,438,True,False,True,False,False,False
174006932062,62,25,62,25,79,26,79,26,False,False,False,False,False,False
4391918874,54,18,38,12,65,18,55,14,False,False,False,False,False,False
4514269980,77,27,1063,333,94,23,1080,245,True,True,True,False,False,False
4523728345,63,25,346,117,83,23,358,77,True,False,True,False,True,False
4004772536,55,20,55,20,76,20,76,20,False,False,False,False,False,False
3754155310,80,26,80,26,83,22,83,22,True,True,False,False,False,False
2061022206,74,31,433,137,68,24,435,102,True,True,True,True,False,False
2069139175,57,17,59,17,60,17,60,14,True,False,False,False,False,False
2159452221,39,12,48,17,41,12,48,18,False,False,False,False,False,False
32236834289,39,19,99,41,40,14,100,31,True,True,True,True,False,False
3052180518,111,34,765,241,125,28,763,164,True,True,True,False,True,False
2065201243,130,48,676,225,134,39,672,181,True,True,False,False,False,False
4712246454,61,29,565,212,66,26,551,150,True,True,True,False,False,False
3551393130,73,32,497,143,77,29,435,95,True,False,True,False,True,False
2059124992,48,16,600,184,46,14,594,143,True,True,True,False,False,False
376973981474,133,57,3810,1075,138,47,3418,680,True,True,True,False,True,False
3727491058,55,23,49,18,52,21,46,16,True,False,False,False,False,False
2120155505,77,28,359,110,72,24,331,77,True,True,True,False,False,False
2111872187,116,50,116,50,125,43,125,43,True,True,False,False,False,False
2329543699,51,21,230,83,52,19,217,74,True,False,False,False,False,False
2055377631,51,20,45,16,56,18,49,14,True,False,False,False,False,False
2270062912,56,18,3999,1226,59,18,3642,884,True,False,True,False,False,False
1712570939,102,38,21,5,110,37,21,5,False,False,False,False,False,False
2007934907,50,17,1433,413,49,15,1335,317,True,True,True,False,False,False
4797396841,78,22,559,186,83,20,541,129,True,False,True,False,True,False
4015322905,60,25,56,17,55,23,60,12,True,False,True,False,False,False
4015422065,53,21,469,151,53,20,429,87,True,False,True,False,True,False
3806980943,34,13,720,203,35,14,639,136,True,False,True,False,True,False
106964376935,64,26,911,283,72,24,904,218,True,False,True,False,False,False
1307874587,51,18,145,51,55,16,155,46,False,True,False,False,False,False
3628839722,112,42,162,56,113,33,166,39,True,True,True,True,True,False
4317041484,148,49,719,245,184,36,733,174,True,True,True,True,False,False
4910561821,70,24,104,38,78,22,107,37,False,False,False,False,False,False
3709672083,58,28,58,28,58,27,58,27,False,False,False,False,False,False
4223004786,56,23,3275,1224,54,18,3469,964,True,True,True,True,False,False
4897048724,43,19,991,287,51,14,907,185,True,True,True,True,True,False
2079581946,97,40,1891,632,94,34,1853,462,True,True,True,False,False,False
4157496031,28,9,1318,447,34,11,1334,381,True,False,False,False,False,False
1639901072,65,23,148,52,68,18,149,33,True,True,True,True,True,False
5060996735,80,27,80,27,83,17,83,17,True,True,True,True,True,True
4155408706,61,17,256,74,66,12,227,40,True,True,True,True,True,False
4495500756,27,10,1034,306,28,10,1006,258,True,False,False,False,False,False
4385184631,44,17,539,147,46,15,503,97,True,True,True,False,True,False
3026064813,158,51,1169,326,171,42,1143,233,True,True,True,False,False,False
3490539439,79,30,41,23,80,24,42,22,False,True,False,False,False,False
1778563597,29,11,239,76,37,10,240,56,True,False,True,False,False,False
3635733776,58,18,3899,1121,60,16,3824,784,True,True,True,False,True,False
4716933437,144,42,162,58,145,39,162,43,True,False,True,False,False,False
4071233134,141,55,1116,329,149,47,1041,225,True,True,True,False,True,False
1318260275,42,17,42,17,42,13,42,13,True,True,True,True,False,False
4633378534,44,17,1000,323,45,17,1038,246,True,False,True,False,False,False
3529095384,57,26,57,26,61,24,61,24,False,False,False,False,False,False
3050152494,47,12,1264,384,47,12,1260,239,True,False,True,False,True,False
2054817755,60,24,874,272,66,21,848,192,True,True,True,False,False,False
2057051387,78,28,757,235,91,25,727,158,True,True,True,False,True,False
4200562083,45,16,999,358,48,16,999,358,False,False,False,False,False,False
3474685536,93,45,450,162,98,40,421,113,True,True,True,False,True,False
5095503840,96,39,444,148,94,35,413,106,True,True,True,False,False,False
2026069710,120,53,584,208,98,41,616,184,True,True,False,True,False,False
4589830735,100,39,1602,487,114,28,1547,338,True,True,True,True,True,False
4385069368,95,31,3712,1052,101,23,3463,754,True,True,True,True,False,False
4157280271,57,21,1672,460,55,19,1660,331,True,False,True,False,False,False
4204386191,144,45,1013,326,155,38,973,235,True,True,True,False,False,False
3555205657,138,51,1019,306,137,34,919,200,True,True,True,True,True,True
4644140313,150,60,2665,801,166,47,2522,513,True,True,True,True,True,False
201663692217,61,24,2011,593,62,20,1921,414,True,True,True,False,True,False
4442900590,57,26,973,292,68,24,946,208,True,False,True,False,False,False
4205538788,45,17,209,67,45,16,199,48,True,False,True,False,False,False
4218561827,46,14,215,78,46,11,219,59,True,True,True,True,False,False
4551054156,45,16,709,231,53,15,763,169,True,False,True,False,False,False
4746144353,78,29,954,298,79,24,935,208,True,True,True,False,True,False
4077473357,36,14,1439,452,41,13,1447,340,True,False,True,False,False,False
4604457043,67,20,67,20,63,14,63,14,True,True,True,True,False,False
4511530729,82,35,353,101,84,32,334,61,True,False,True,False,True,False
5214033793,43,17,1000,321,64,17,982,214,True,False,True,False,True,False
2120851333,89,24,779,213,92,17,744,153,True,True,True,True,False,False
2061448091,37,16,1975,621,38,13,1814,439,True,True,True,False,False,False
1701470611,131,53,155,55,144,43,158,37,True,True,True,False,True,False
41713266437,63,25,694,207,62,24,683,155,True,False,True,False,False,False
4384414279,77,32,999,336,77,30,839,209,True,False,True,False,True,False
87720200914,66,25,104,39,64,23,99,29,True,False,True,False,False,False
2078835030,108,45,1823,616,105,39,1781,450,True,True,True,False,False,False
4291077418,71,26,71,26,74,24,74,24,False,False,False,False,False,False
3628839717,113,44,162,56,114,36,166,40,True,True,True,False,False,False
2268304430,77,31,66,33,87,27,68,30,False,True,False,False,False,False
3712801411,57,19,452,158,50,13,418,102,True,True,True,True,True,True
4196521320,80,29,999,364,87,30,923,275,True,False,True,False,False,False
5182742886,52,22,38,13,49,20,35,12,False,False,False,False,False,False
138962728028,124,50,910,308,113,35,872,227,True,True,True,True,False,False
291173146171,66,24,64,24,67,25,60,20,True,False,False,False,False,False
4820163687,86,28,2026,615,83,26,1915,400,True,False,True,False,True,False
2069985286,79,35,79,35,80,33,80,33,False,False,False,False,False,False
4623570105,78,24,443,120,77,19,428,81,True,True,True,True,True,False
4330455313,47,22,999,351,47,22,877,241,True,False,True,False,True,False
2057051388,76,26,775,244,77,24,742,167,True,False,True,False,True,False
14613460476,73,28,909,310,71,20,914,240,True,True,True,True,False,False
3403897392,75,34,500,146,84,31,486,87,True,False,True,False,True,False
1321409006,65,22,503,170,71,20,498,112,True,False,True,False,True,False
5169557343,30,11,223,64,30,11,200,47,True,False,True,False,False,False
4893633475,47,20,468,168,59,16,477,118,True,True,True,False,False,False
2117967935,68,27,68,27,73,26,73,26,False,False,False,False,False,False
4414530598,56,17,456,134,61,17,483,111,True,False,False,False,False,False
4572380856,57,27,330,129,67,25,329,98,True,False,True,False,False,False
4452060617,80,24,977,361,95,21,940,263,True,True,True,False,False,False
110232280082,58,14,257,83,58,14,244,66,True,False,True,False,False,False
4668248026,32,16,651,201,29,12,572,126,True,True,True,True,True,False
138962685339,57,21,1043,282,59,18,1017,194,True,True,True,False,True,False
1311812490,71,13,102,25,69,12,106,20,True,False,False,False,False,False
4623949169,128,47,679,194,131,38,646,128,True,True,True,False,True,False
4643938191,148,61,880,251,158,47,807,164,True,True,True,True,True,False
4272887201,76,25,76,25,90,21,90,21,True,True,False,False,False,False
3042764047,100,40,372,134,109,36,393,103,True,False,True,False,False,False
4202041822,37,15,494,159,53,10,505,116,True,True,True,True,False,True
1688824936,37,6,101,28,37,6,113,25,True,False,False,False,False,False
156276677247,73,25,643,226,91,19,655,156,True,True,True,True,True,False
2060257095,65,21,280,85,67,21,239,60,True,False,True,False,False,False
3949154897,52,17,796,229,60,16,778,154,True,False,True,False,True,False
97014870931,84,30,64,19,84,23,71,16,True,True,False,True,False,False
4943160331,91,44,91,43,94,39,94,38,True,True,False,False,False,False
5208946130,97,36,97,36,119,35,119,35,False,False,False,False,False,False
3446029032,70,31,555,193,74,29,559,132,True,False,True,False,True,False
3889395495,38,13,40,10,35,10,40,7,True,True,True,True,False,False
2026258519,73,23,947,278,71,21,858,208,True,False,True,False,False,False
2026258524,73,23,947,278,69,20,852,207,True,True,True,False,False,False
1962074579,76,24,76,24,79,18,79,18,True,True,True,True,False,False
1743052872,36,10,614,180,37,9,565,108,True,False,True,False,True,False
3691000538,43,13,496,132,45,11,497,101,True,True,True,False,False,False
2060253226,67,21,1054,299,64,19,983,208,True,False,True,False,True,False
4027742647,77,23,77,23,81,20,81,20,True,True,False,False,False,False
5123189265,49,11,241,81,51,9,247,72,True,True,False,False,False,False
4811798618,72,20,72,20,72,20,72,20,False,False,False,False,False,False
117277915830,76,20,994,395,73,17,897,252,True,True,True,False,True,False
2154491220,29,7,5000,1435,29,7,4705,952,True,False,True,False,True,False
3299598934,79,29,79,29,113,25,113,25,True,True,False,False,False,False
189546061243,36,12,278,85,36,12,272,63,True,False,True,False,False,False
5169257472,103,37,102,34,112,30,111,28,True,True,False,False,False,False
1637980981,63,22,160,44,61,20,166,37,True,False,False,False,False,False
1921223120,40,14,2362,738,50,12,2326,545,True,True,True,False,False,False
276611684552,95,31,1043,282,92,25,1005,194,True,True,True,False,True,False
5059261580,182,59,745,255,189,44,779,185,True,True,True,True,False,False
2062075980,88,31,88,31,85,27,87,28,False,True,False,False,False,False
3287805133,127,52,382,145,117,47,360,119,True,False,False,False,False,False
2064955879,45,17,45,17,48,16,49,17,False,False,False,False,False,False
207035576772,51,20,522,153,56,21,503,119,True,False,True,False,False,False
1594535012,77,36,634,258,55,21,657,208,True,True,False,True,False,True
4642854804,60,22,254,82,62,22,259,79,False,False,False,False,False,False
4620261674,46,24,168,48,53,22,179,40,True,False,False,False,False,False
4998365450,65,27,114,30,63,20,108,23,True,True,True,True,False,False
4454991968,77,31,999,384,102,29,814,176,True,False,True,False,True,False
1782357780,76,26,1171,398,84,22,1106,254,True,True,True,False,True,False
4735503306,54,17,1068,315,59,18,993,209,True,False,True,False,True,False
1316556785,80,25,1024,318,90,20,1083,274,True,True,False,False,False,False
4435913614,62,22,1941,578,66,19,1898,416,True,True,True,False,False,False
1647227082,51,11,323,96,55,11,324,71,True,False,True,False,False,False
4658956014,66,19,895,269,68,19,848,206,True,False,True,False,False,False
1875282048,69,20,1224,356,69,20,1118,258,True,False,True,False,False,False
4589929428,84,27,2626,784,87,27,2419,514,True,False,True,False,True,False
70183897754,49,18,61,21,55,18,60,19,False,False,False,False,False,False
183335907108,94,40,2324,715,102,32,2289,506,True,True,True,False,False,False
4683006694,60,21,54,17,59,19,45,13,True,False,True,False,False,False
5109193415,56,20,118,54,58,17,126,46,True,True,False,False,False,False
3124123344,80,35,80,35,89,30,89,30,True,True,False,False,False,False
5169253299,98,37,98,33,103,29,103,27,True,True,False,True,False,False
156277193948,69,26,1941,542,89,26,1720,345,True,False,True,False,True,False
11087571368,69,30,268,76,72,30,224,59,True,False,True,False,False,False
2183428945,142,42,83,25,142,35,83,23,False,True,False,False,False,False
48926966870,96,32,708,201,114,29,668,132,True,False,True,False,True,False
2063706226,125,51,1521,487,121,39,1458,336,True,True,True,True,True,False
2359348328,102,37,67,33,109,30,69,30,False,True,False,False,False,False
2054753273,107,39,955,252,114,31,901,180,True,True,True,True,False,False
1537709304,60,28,672,290,65,25,746,266,False,True,False,False,False,False
1637581644,53,18,677,218,52,15,660,156,True,True,True,False,False,False
4538332005,23,12,140,40,24,13,135,25,True,False,True,False,True,False
3495408683,174,60,978,289,159,32,876,195,True,True,True,True,True,True
1751247315,69,25,492,142,91,26,530,110,True,False,True,False,False,False
373850284448,62,23,62,23,61,21,61,21,False,False,False,False,False,False
1565912494,84,24,451,146,86,23,415,86,True,False,True,False,True,False
2064730522,148,54,976,321,184,45,945,235,True,True,True,False,False,False
3445564730,41,13,454,165,42,13,428,111,True,False,True,False,True,False
4781194041,58,19,133,43,58,14,124,29,True,True,True,True,True,False
4959321228,92,35,444,148,89,31,414,108,True,True,True,False,False,False
2064414260,87,26,857,248,84,21,809,166,True,True,True,False,True,False
54161674630,70,27,210,62,69,26,197,54,True,False,False,False,False,False
4699510653,46,17,535,144,52,13,489,97,True,True,True,True,True,False
91686025987,49,20,392,117,52,20,358,87,True,False,True,False,False,False
4226659634,74,31,39,14,74,24,38,11,True,True,True,True,False,False
4201830454,98,39,182,64,101,30,186,49,True,True,True,True,False,False
4763332016,46,13,314,99,46,11,297,63,True,True,True,False,True,False
4451124293,118,35,461,147,114,26,430,107,True,True,True,True,False,False
2343156405,51,18,677,218,52,15,661,156,True,True,True,False,False,False
4720389596,48,20,155,58,48,20,159,52,True,False,False,False,False,False
5090085713,50,22,62,24,52,15,62,18,True,True,True,True,False,True
1712573177,100,36,21,5,107,35,21,5,False,False,False,False,False,False
1740857110,64,22,210,89,58,20,216,80,True,False,False,False,False,False
4452550298,77,25,806,214,78,22,712,145,True,True,True,False,True,False
1415554755,42,16,320,115,46,13,334,88,True,True,True,False,False,False
1500022510,95,30,95,30,89,25,89,25,True,True,False,False,False,False
5104418469,45,18,494,162,50,15,507,121,True,True,True,False,False,False
34888001864,63,23,554,161,69,21,543,112,True,False,True,False,True,False
1671393307,71,29,530,147,63,26,459,97,True,True,True,False,True,False
421393369392,59,20,151,60,56,18,192,56,False,False,False,False,False,False
29299331674,177,75,881,251,170,64,813,166,True,True,True,False,True,False
4205424867,99,30,163,60,101,23,193,47,True,True,True,True,False,False
4206812485,80,34,999,401,84,31,981,309,True,False,True,False,False,False
303600075141,51,23,51,23,49,21,49,21,False,False,False,False,False,False
3052944481,198,75,647,214,189,51,616,141,True,True,True,True,True,True
4215027256,42,17,42,17,39,15,39,15,True,True,False,False,False,False
69710193399,39,14,110,40,40,13,116,34,True,False,False,False,False,False
2055255869,50,19,41,15,54,17,41,12,True,True,False,False,False,False
4620294540,74,31,192,61,74,31,205,61,False,False,False,False,False,False
4145588659,44,16,143,44,45,13,130,30,True,True,True,False,True,False
3359180052,90,29,1859,583,88,27,1701,404,True,False,True,False,True,False
121528725386,62,25,958,333,77,23,849,222,True,False,True,False,True,False
1710094724,90,29,355,114,98,25,353,91,True,True,True,False,False,False
3056067914,50,19,231,88,61,16,250,63,True,True,True,False,False,False
3046729281,59,19,1389,401,56,18,1305,266,True,False,True,False,True,False
3972924699,88,34,55,20,82,25,52,15,True,True,True,True,False,False
3435281641,73,17,73,17,80,16,80,16,False,False,False,False,False,False
4828654874,83,22,709,207,81,22,677,147,True,False,True,False,False,False
4538003565,52,16,761,227,57,11,774,158,True,True,True,True,True,True
111568230982,60,28,59,27,61,22,61,22,True,True,False,True,False,False
1882929309,78,24,78,24,94,16,94,16,True,True,True,True,True,True
3798986721,105,42,2593,755,105,36,2082,470,True,True,True,False,True,False
2113093450,179,72,1423,395,189,58,1288,263,True,True,True,False,True,False
2112794415,79,26,289,105,91,22,327,77,True,True,True,False,False,False
487126887411,36,18,2719,1023,36,18,2810,908,True,False,False,False,False,False
2060185518,79,23,944,284,69,20,851,188,True,True,True,False,True,False
4680095395,99,28,3041,892,96,21,2819,598,True,True,True,True,True,False
4877427884,48,20,77,31,48,20,79,25,True,False,False,False,False,False
4595088087,204,65,2723,777,221,54,2555,505,True,True,True,False,True,False
4465664542,126,39,463,146,124,31,428,110,True,True,True,True,False,False
4416668620,50,22,227,72,51,21,215,46,True,False,True,False,True,False
3835278364,176,69,175,70,173,58,157,55,True,True,True,False,False,False
2065354050,62,22,252,81,77,21,258,54,True,False,True,False,True,False
1650171814,56,20,1457,437,59,19,1290,287,True,False,True,False,True,False
3882026745,66,19,66,19,63,17,63,17,True,True,False,False,False,False
5181571321,45,23,999,452,47,19,882,287,True,True,True,False,True,False
2297005450,151,66,880,251,161,54,801,166,True,True,True,False,True,False
18468690620,156,55,1050,346,173,43,1084,263,True,True,True,True,False,False
3304467506,80,21,80,21,84,16,84,16,True,True,True,True,False,False
1778563602,33,15,243,80,36,13,244,60,True,True,True,False,False,False
4899954714,155,56,163,56,155,43,165,42,True,True,True,True,False,False
4321048267,110,39,695,196,109,30,665,148,True,True,True,True,False,False
14613435427,41,19,29,12,46,16,26,9,True,True,True,False,False,False
145960681701,40,20,995,337,41,20,949,221,True,False,True,False,True,False
2054781193,45,15,1289,430,42,11,1268,302,True,True,True,True,False,False
3968945784,32,13,1330,378,36,13,1246,279,True,False,True,False,False,False
2053826326,79,26,79,26,97,23,97,22,True,True,False,False,False,False
2114975127,49,17,2642,763,62,15,2664,521,True,True,True,False,True,False
1867262556,79,29,79,29,79,25,79,25,True,True,False,False,False,False
4411426624,148,47,737,233,152,37,763,165,True,True,True,True,False,False
4393085087,102,27,227,63,99,22,216,46,True,True,True,False,False,False
307718000196,216,84,1010,283,217,63,868,173,True,True,True,True,True,False
4279029102,61,18,61,18,67,14,67,14,True,True,True,True,False,False
14613466961,50,25,376,129,51,23,423,106,True,False,False,False,False,False
4180609537,182,53,668,178,171,37,629,127,True,True,True,True,False,True
4435566465,68,27,4000,1340,78,23,3963,928,True,True,True,False,True,False
18468580547,144,49,1068,352,162,37,1109,271,True,True,True,True,False,False
14613461654,50,25,376,129,51,23,423,107,True,False,False,False,False,False
29607392514,118,50,881,251,132,41,803,166,True,True,True,False,True,False
4165151066,71,24,63,18,80,23,60,13,True,False,True,False,False,False
1541880573,52,19,901,278,69,13,883,194,True,True,True,True,True,True
4339070553,50,12,291,84,54,13,285,63,True,False,True,False,False,False
4426740219,61,17,633,205,89,18,628,133,True,False,True,False,True,False
4099641396,61,21,434,130,64,22,434,130,False,False,False,False,False,False
406088738482,72,27,272,99,88,18,285,74,True,True,True,True,False,True
3967431644,56,24,1413,391,60,21,1333,266,True,True,True,False,True,False
2067571192,75,23,85,28,83,23,101,23,True,False,False,False,False,False
1665894324,104,36,1312,451,89,22,1295,296,True,True,True,True,True,True
5123189260,38,9,247,85,40,7,257,64,True,True,True,True,False,False
174007019522,68,27,68,27,86,26,86,26,False,False,False,False,False,False
4991881551,95,39,152,59,94,36,161,47,True,False,True,False,False,False
4091921695,78,22,999,318,79,17,798,177,True,True,True,True,True,False
4323500487,47,19,244,86,45,15,266,76,True,True,False,True,False,False
1672066227,104,36,851,255,116,29,806,187,True,True,True,False,False,False
3249354040,76,26,76,26,99,21,99,21,True,True,False,False,False,False
4589673799,67,23,3959,1122,69,22,3444,722,True,False,True,False,True,False
3076859035,57,29,1024,314,65,26,942,200,True,True,True,False,True,False
3809186919,143,48,374,122,155,35,359,89,True,True,True,True,False,False
1701333915,81,37,200,77,81,30,197,44,True,True,True,False,True,False
3683502845,137,52,1116,329,139,46,1040,225,True,True,True,False,True,False
1639832922,47,22,199,65,55,20,210,49,True,False,True,False,False,False
