pair_id,label,probability,prediction
0,0,0.73077047,1
1,0,0.6355618,1
2,0,0.5000984,0
3,0,0.50391763,0
4,0,0.50712156,0
5,0,0.5084297,0
6,0,0.724578,1
7,0,0.53148293,0
8,0,0.53692,0
9,0,0.5158943,0
10,0,0.5002034,0
11,0,0.50234413,0
12,0,0.51080155,0
13,0,0.5420755,0
14,0,0.50092316,0
15,0,0.615319,0
16,0,0.72700745,1
17,0,0.55727315,0
18,0,0.692538,1
19,0,0.50666386,0
20,0,0.51070243,0
21,0,0.72903776,1
22,1,0.71133065,1
23,0,0.5016031,0
24,0,0.5346125,0
25,0,0.527636,0
26,0,0.51379806,0
27,0,0.6974029,1
28,0,0.7214489,1
29,0,0.55368626,0
30,0,0.50131035,0
31,0,0.5099474,0
32,0,0.5621164,0
33,0,0.5060231,0
34,1,0.7303861,1
35,0,0.50019336,0
36,0,0.5059239,0
37,0,0.5007396,0
38,0,0.7003827,1
39,0,0.5360093,0
40,0,0.65907604,1
41,0,0.5076555,0
42,0,0.5004544,0
43,0,0.5177995,0
44,0,0.5002003,0
45,0,0.7301937,1
46,0,0.50590104,0
47,0,0.50060844,0
48,0,0.5016279,0
49,0,0.5001173,0
50,0,0.66985285,1
51,0,0.54422617,0
52,0,0.5012026,0
53,0,0.50831527,0
54,1,0.7282654,1
55,0,0.5002482,0
56,0,0.5005145,0
57,0,0.57451415,0
58,0,0.66377795,1
59,0,0.7240906,1
60,0,0.6773673,1
61,0,0.7279754,1
62,0,0.50156593,0
63,0,0.5772571,0
64,0,0.53525025,0
65,0,0.72787875,1
66,0,0.7281688,1
67,0,0.50046873,0
68,0,0.527636,0
69,0,0.6348829,1
70,0,0.5048178,0
71,0,0.50086737,0
72,0,0.50032496,0
73,0,0.5004525,0
74,0,0.5022297,0
75,0,0.5147205,0
76,0,0.5031566,0
77,0,0.5549529,0
78,0,0.5012903,0
79,0,0.5021286,0
80,0,0.5006552,0
81,0,0.51477385,0
82,0,0.5176318,0
83,0,0.64556694,1
84,1,0.71839684,1
85,0,0.62406445,1
86,0,0.7297124,1
87,0,0.6184924,0
88,0,0.5073275,0
89,1,0.6441132,1
90,0,0.50010973,0
91,0,0.6475754,1
92,0,0.5190947,0
93,0,0.6104535,0
94,0,0.50013554,0
95,0,0.5643986,0
96,0,0.5006304,0
97,0,0.55341476,0
98,0,0.7240906,1
99,1,0.5034885,0
100,0,0.50399005,0
101,0,0.50030994,0
102,0,0.5019388,0
103,0,0.5425906,0
104,0,0.50008065,0
105,0,0.72990495,1
106,1,0.73028994,1
107,0,0.50276756,0
108,0,0.53085977,0
109,0,0.5046538,0
110,1,0.5529924,0
111,0,0.5028991,0
112,0,0.5010786,0
113,0,0.50717497,0
114,0,0.69575167,1
115,0,0.7255514,1
116,0,0.5181805,0
117,0,0.7160201,1
118,0,0.56124485,0
119,0,0.50924575,0
120,0,0.5058095,0
121,0,0.505615,0
122,0,0.5002444,0
123,0,0.5002018,0
124,0,0.5420755,0
125,0,0.66823107,1
126,0,0.50390047,0
127,0,0.7213508,1
128,0,0.5015726,0
129,0,0.50197595,0
130,0,0.5140573,0
131,0,0.56661814,0
132,0,0.51112944,0
133,1,0.5059239,0
134,0,0.5016031,0
135,0,0.50766695,0
136,0,0.5016222,0
137,0,0.5001089,0
138,0,0.5303277,0
139,0,0.5009599,0
140,0,0.6215409,0
141,0,0.5179519,0
142,0,0.7295198,1
143,0,0.5094746,0
144,0,0.62852144,1
145,0,0.55889887,0
146,0,0.5003526,0
147,0,0.504978,0
148,0,0.50381273,0
149,0,0.50005543,0
150,0,0.5004761,0
151,0,0.5097644,0
152,0,0.50820845,0
153,0,0.5026836,0
154,0,0.5001432,0
155,0,0.50021815,0
156,0,0.5000256,0
157,0,0.5125782,0
158,1,0.7162186,1
159,1,0.72845864,1
160,0,0.51728135,0
161,0,0.51586384,0
162,0,0.5139505,0
163,0,0.5002377,0
164,0,0.50004154,0
165,0,0.50031734,0
166,0,0.7237002,1
167,0,0.5946101,0
168,0,0.5898345,0
169,0,0.5283205,0
170,0,0.5047339,0
171,1,0.73028994,1
172,0,0.5001432,0
173,0,0.5113125,0
174,0,0.51112944,0
175,0,0.5037536,0
176,0,0.502695,0
177,0,0.5448014,0
178,1,0.5636182,0
179,0,0.7301937,1
180,0,0.5148501,0
181,0,0.5017662,0
182,0,0.50248337,0
183,0,0.5032062,0
184,1,0.7272981,1
185,0,0.50118446,0
186,0,0.5878248,0
187,0,0.72845864,1
188,0,0.72903776,1
189,0,0.50037384,0
190,0,0.5531734,0
191,0,0.6663882,1
192,0,0.5002165,0
193,0,0.53773934,0
194,1,0.7247729,1
195,0,0.7291342,1
196,0,0.51449937,0
197,0,0.7246755,1
198,0,0.5005188,0
199,0,0.72233117,1
200,0,0.5778527,0
201,0,0.68363076,1
202,1,0.7192851,1
203,0,0.5076097,0
204,0,0.6268098,1
205,0,0.5023899,0
206,0,0.50427616,0
207,0,0.50012434,0
208,0,0.5022907,0
209,0,0.50621,0
210,0,0.5211056,0
211,0,0.6255525,1
212,0,0.5016346,0
213,0,0.5002123,0
214,0,0.50004184,0
215,0,0.5001298,0
216,0,0.7247729,1
217,0,0.50013244,0
218,0,0.54016596,0
219,0,0.50117016,0
220,0,0.50391763,0
221,0,0.500136,0
222,0,0.50067854,0
223,0,0.5003016,0
224,0,0.51024485,0
225,0,0.6641048,1
226,0,0.54507387,0
227,0,0.50224686,0
228,0,0.7247729,1
229,0,0.6180315,0
230,0,0.5048178,0
231,0,0.5047339,0
232,0,0.5113811,0
233,0,0.50407016,0
234,0,0.5001888,0
235,0,0.5013256,0
236,0,0.5076097,0
237,0,0.5074534,0
238,0,0.5007839,0
239,1,0.7300013,1
240,0,0.51725084,0
241,0,0.661267,1
242,0,0.5001404,0
243,0,0.5022716,0
244,0,0.5138514,0
245,1,0.6535693,1
246,0,0.50063753,0
247,0,0.7292306,1
248,0,0.50045085,0
249,0,0.5314526,0
250,0,0.67490816,1
251,0,0.53500736,0
252,0,0.5180128,0
253,0,0.53518957,0
254,0,0.66747284,1
255,0,0.5011387,0
256,0,0.5051039,0
257,0,0.5004988,0
258,0,0.7300013,1
259,0,0.5044097,0
260,0,0.5303277,0
261,0,0.5035438,0
262,0,0.5441959,0
263,0,0.62738067,1
264,0,0.5068813,0
265,0,0.5061642,0
266,0,0.5098711,0
267,0,0.5005541,0
268,0,0.50011915,0
269,0,0.5923719,0
270,0,0.5026226,0
271,0,0.72311395,1
272,0,0.52160823,0
273,0,0.50209427,0
274,1,0.71967924,1
275,0,0.50027466,0
276,0,0.64846635,1
277,0,0.71790266,1
278,1,0.73077047,1
279,0,0.5010538,0
280,0,0.51529217,0
281,0,0.7192851,1
282,0,0.5632578,0
283,0,0.50111294,0
284,0,0.50097847,0
285,0,0.5016413,0
286,0,0.7277821,1
287,0,0.626924,1
288,0,0.52331376,0
289,0,0.7298087,1
290,0,0.5123495,0
291,0,0.51239526,0
292,0,0.50463474,0
293,0,0.6073139,0
294,0,0.5000648,0
295,0,0.5108168,0
296,0,0.50032234,0
297,0,0.500027,0
298,0,0.5034217,0
299,1,0.7300975,1
300,0,0.7294234,1
301,0,0.50427616,0
302,1,0.7305783,1
303,0,0.5001003,0
304,0,0.7301937,1
305,0,0.5052603,0
306,0,0.54004467,0
307,0,0.50983304,0
308,0,0.7296161,1
309,0,0.5016098,0
310,0,0.50083447,0
311,0,0.5022907,0
312,0,0.72661966,1
313,1,0.7296161,1
314,0,0.5481293,0
315,0,0.5003028,0
316,0,0.7296161,1
317,0,0.500895,0
318,0,0.5026321,0
319,0,0.7208598,1
320,0,0.72865176,1
321,0,0.72787875,1
322,0,0.5109846,0
323,0,0.72026986,1
324,0,0.5981361,0
325,0,0.6110919,0
326,0,0.5009451,0
327,0,0.50001746,0
328,0,0.5002332,0
329,0,0.5024738,0
330,0,0.7187918,1
331,0,0.5000288,0
332,0,0.60288024,0
333,0,0.7210562,1
334,0,0.7300013,1
335,0,0.50007284,0
336,0,0.61952883,0
337,0,0.50702626,0
338,0,0.5002018,0
339,0,0.50045085,0
340,0,0.5007396,0
341,1,0.7281688,1
342,0,0.53722346,0
343,0,0.500535,0
344,0,0.50105,0
345,0,0.50043344,0
346,0,0.50618714,0
347,0,0.51606196,0
348,0,0.5002725,0
349,0,0.6999727,1
350,0,0.5016346,0
351,0,0.5578754,0
352,1,0.63996106,1
353,0,0.5185767,0
354,0,0.5175404,0
355,1,0.7291342,1
356,0,0.6886778,1
357,0,0.66345096,1
358,0,0.70354944,1
359,0,0.50153637,0
360,0,0.7292306,1
361,0,0.7193836,1
362,0,0.72700745,1
363,0,0.5000279,0
364,0,0.66855574,1
365,0,0.5021362,0
366,0,0.62314755,1
367,0,0.5560681,0
368,0,0.5015068,0
369,0,0.50717497,0
370,0,0.50641596,0
371,0,0.6586371,1
372,0,0.5657786,0
373,0,0.7305783,1
374,0,0.50009686,0
375,1,0.71869314,1
376,0,0.5126773,0
377,0,0.5051115,0
378,0,0.50045085,0
379,1,0.7272981,1
380,0,0.5946101,0
381,0,0.59854686,0
382,0,0.5550735,0
383,0,0.72603726,1
384,0,0.7279754,1
385,0,0.50651515,0
386,1,0.7246755,1
387,0,0.7232117,1
388,0,0.50863564,0
389,0,0.54131794,0
390,0,0.54183316,0
391,0,0.50384134,0
392,0,0.5005126,0
393,0,0.50167274,0
394,1,0.7296161,1
395,0,0.5006428,0
396,0,0.5151016,0
397,0,0.50355715,0
398,0,0.72845864,1
399,0,0.50211143,0
400,0,0.6631238,1
401,0,0.55217755,0
402,0,0.50858986,0
403,0,0.50003064,0
404,0,0.52492744,0
405,0,0.5071101,0
406,0,0.50042176,0
407,1,0.725065,1
408,0,0.51121336,0
409,0,0.7272981,1
410,0,0.5138514,0
411,0,0.6200466,0
412,0,0.5001019,0
413,0,0.50250244,0
414,0,0.500134,0
415,0,0.54825026,0
416,0,0.7291342,1
417,0,0.5021782,0
418,0,0.5011749,0
419,0,0.5051916,0
420,0,0.5211513,0
421,0,0.501647,0
422,0,0.5000217,0
423,0,0.50653803,0
424,0,0.5007138,0
425,0,0.5004301,0
426,0,0.71253234,1
427,0,0.53400505,0
428,0,0.5049666,0
429,0,0.72749174,1
430,0,0.5657786,0
431,0,0.50350183,0
432,0,0.5001925,0
433,1,0.7242856,1
434,1,0.72594017,1
435,0,0.50381273,0
436,0,0.53288096,0
437,0,0.50529075,0
438,0,0.5007453,0
439,0,0.5004668,0
440,0,0.72787875,1
441,0,0.50105,0
442,0,0.5000334,0
443,0,0.5110456,0
444,0,0.50007284,0
445,0,0.5057675,0
446,0,0.51557416,0
447,0,0.50123596,0
448,0,0.50008255,0
449,0,0.6960617,1
450,0,0.5058095,0
451,0,0.5084144,0
452,0,0.6949242,1
453,0,0.53977174,0
454,0,0.67362124,1
455,0,0.5084754,0
456,1,0.7295198,1
457,0,0.5017805,0
458,0,0.5014725,0
459,0,0.50008255,0
460,1,0.7277821,1
461,0,0.5011349,0
462,0,0.5010176,0
463,0,0.5015907,0
464,0,0.50009763,0
465,0,0.5115717,0
466,0,0.5001817,0
467,0,0.7276853,1
468,0,0.501461,0
469,0,0.5121436,0
470,0,0.71393055,1
471,0,0.503231,0
472,0,0.5420755,0
473,0,0.7300013,1
474,0,0.5063168,0
475,1,0.50029016,0
476,0,0.5000166,0
477,0,0.7185944,1
478,0,0.7303861,1
479,0,0.5590192,0
480,0,0.5007,0
481,0,0.7292306,1
482,0,0.5154903,0
483,0,0.5440142,0
484,0,0.50031734,0
485,0,0.53233397,0
486,0,0.50985587,0
487,0,0.6771539,1
488,0,0.50017667,0
489,0,0.7305783,1
490,1,0.729327,1
491,0,0.70456684,1
492,0,0.50022507,0
493,0,0.5023899,0
494,0,0.5411967,0
495,0,0.7277821,1
496,1,0.72749174,1
497,0,0.7213508,1
498,0,0.5016537,0
499,0,0.50281143,0
500,0,0.5026016,0
501,0,0.50451267,0
502,0,0.6687721,1
503,0,0.50403965,0
504,0,0.50125027,0
505,0,0.7268136,1
506,0,0.50666386,0
507,0,0.5003724,0
508,0,0.50013244,0
509,0,0.51507115,0
510,0,0.7306744,1
511,0,0.51703745,0
512,0,0.5031204,0
513,0,0.55871826,0
514,0,0.5000406,0
515,0,0.50003415,0
516,0,0.5011616,0
517,0,0.5016537,0
518,0,0.7126323,1
519,0,0.7285552,1
520,0,0.6791787,1
521,0,0.50067854,0
522,0,0.6993571,1
523,0,0.5003903,0
524,1,0.725843,1
525,0,0.50059223,0
526,0,0.5001904,0
527,0,0.60940796,0
528,0,0.5136685,0
529,0,0.7255514,1
530,0,0.50458515,0
531,0,0.504116,0
532,0,0.5428936,0
533,1,0.6770471,1
534,0,0.50033903,0
535,0,0.5052603,0
536,0,0.50097847,0
537,0,0.63533556,1
538,0,0.5192928,0
539,0,0.500854,0
540,0,0.50890255,0
541,0,0.7292306,1
542,0,0.5001941,0
543,0,0.6831025,1
544,0,0.542318,0
545,0,0.5412573,0
546,0,0.5057675,0
547,0,0.50207895,0
548,0,0.5000623,0
549,0,0.53345823,0
550,0,0.6331834,1
551,0,0.5333367,0
552,0,0.50026417,0
553,0,0.50084734,0
554,0,0.5000872,0
555,0,0.5163364,0
556,0,0.6279512,1
557,0,0.5001987,0
558,0,0.5503355,0
559,0,0.5032062,0
560,0,0.58847535,0
561,0,0.5000406,0
562,1,0.7296161,1
563,0,0.5025139,0
564,0,0.5376483,0
565,0,0.603815,0
566,0,0.50681645,0
567,0,0.503292,0
568,0,0.70811164,1
569,0,0.7194822,1
570,0,0.5028324,0
571,0,0.5064274,0
572,0,0.7106283,1
573,0,0.50017464,0
574,0,0.5018873,0
575,0,0.5115031,0
576,0,0.50206375,0
577,0,0.50017464,0
578,0,0.50042677,0
579,0,0.5019607,0
580,0,0.6148566,0
581,0,0.50245476,0
582,0,0.59596294,0
583,0,0.7200731,1
584,0,0.5028553,0
585,0,0.7294234,1
586,0,0.5664982,0
587,0,0.50034046,0
588,0,0.5000336,0
589,0,0.50179386,0
590,0,0.50003994,0
591,0,0.5069614,0
592,0,0.5004561,0
593,0,0.5182871,0
594,0,0.72594017,1
595,1,0.71839684,1
596,0,0.5032806,0
597,0,0.7287483,1
598,0,0.63443005,1
599,1,0.7295198,1
600,0,0.52476,0
601,0,0.50076294,0
602,0,0.5202221,0
603,0,0.7301937,1
604,0,0.5031318,0
605,0,0.50248337,0
606,0,0.5167936,0
607,0,0.53209084,0
608,1,0.6928498,1
609,0,0.5258254,0
610,0,0.50948983,0
611,0,0.5011978,0
612,0,0.5028991,0
613,0,0.50008124,0
614,0,0.5001972,0
615,0,0.7288448,1
616,0,0.52398366,0
617,0,0.502922,0
618,0,0.713132,1
619,0,0.50614136,0
620,0,0.5006709,0
621,0,0.50248337,0
622,0,0.5006633,0
623,0,0.7247729,1
624,0,0.7028361,1
625,1,0.72894126,1
626,0,0.50368303,0
627,0,0.5046462,0
628,0,0.5000525,0
629,0,0.5072589,0
630,1,0.6541219,1
631,0,0.5402872,0
632,0,0.5513322,0
633,0,0.5002341,0
634,0,0.5001426,0
635,0,0.641647,1
636,0,0.50237083,0
637,0,0.50863564,0
638,0,0.5004456,0
639,0,0.6920179,1
640,0,0.72758853,1
641,1,0.50250244,0
642,0,0.7181004,1
643,0,0.5003445,0
644,0,0.70942193,1
645,0,0.5042113,0
646,0,0.5175709,0
647,0,0.50124073,0
648,0,0.50066805,0
649,0,0.50100994,0
650,0,0.5121893,0
651,0,0.7300975,1
652,0,0.5203745,0
653,0,0.50455844,0
654,0,0.5002042,0
655,0,0.52019167,0
656,0,0.72710437,1
657,0,0.50059223,0
658,0,0.502758,0
659,0,0.50256157,0
660,0,0.54186344,0
661,0,0.52171487,0
662,0,0.729327,1
663,0,0.5103059,0
664,0,0.51431644,0
665,0,0.50399005,0
666,1,0.7244806,1
667,0,0.50027466,0
668,0,0.52118176,0
669,1,0.7264256,1
670,0,0.50963473,0
671,0,0.50002086,0
672,0,0.50201607,0
673,0,0.5015478,0
674,0,0.5099627,0
675,0,0.5004456,0
676,0,0.50056314,0
677,0,0.5022716,0
678,0,0.50101376,0
679,1,0.7297124,1
680,0,0.5002856,0
681,0,0.5185157,0
682,0,0.5077394,0
683,0,0.50088453,0
684,0,0.5018797,0
685,0,0.51110655,0
686,1,0.6679062,1
687,1,0.7281688,1
688,0,0.50194645,0
689,0,0.50248337,0
690,0,0.558327,0
691,0,0.71611935,1
692,0,0.5006256,0
693,0,0.50811696,0
694,0,0.7288448,1
695,0,0.5065647,0
696,0,0.50593156,0
697,0,0.52299404,0
698,0,0.50319284,0
699,0,0.5019016,0
700,0,0.7296161,1
701,0,0.51013047,0
702,0,0.5186224,0
703,0,0.7227227,1
704,0,0.50235367,0
705,0,0.50907034,0
706,0,0.7281688,1
707,0,0.7288448,1
708,0,0.5088187,0
709,0,0.7247729,1
710,0,0.6657367,1
711,0,0.7277821,1
712,0,0.5107558,0
713,0,0.50066566,0
714,0,0.502409,0
715,0,0.50035405,0
716,0,0.5000304,0
717,0,0.7251623,1
718,0,0.5098178,0
719,0,0.71042746,1
720,0,0.50261307,0
721,0,0.60562414,0
722,0,0.50008583,0
723,0,0.5083687,0
724,0,0.5016346,0
725,0,0.57969785,0
726,0,0.6905591,1
727,0,0.6845804,1
728,0,0.5049666,0
729,0,0.50099754,0
730,0,0.5006733,0
731,0,0.70801073,1
732,0,0.7243831,1
733,0,0.5304949,0
734,0,0.500012,0
735,0,0.50006133,0
736,1,0.7134316,1
737,0,0.6991517,1
738,0,0.50038266,0
739,0,0.53028214,0
740,1,0.7298087,1
741,0,0.5070834,0
742,0,0.5109388,0
743,0,0.5023346,0
744,0,0.50001043,0
745,0,0.7247729,1
746,0,0.5013466,0
747,0,0.7298087,1
748,0,0.5012598,0
749,0,0.50209427,0
750,0,0.5031204,0
751,0,0.7300013,1
752,0,0.50477964,0
753,0,0.50046325,0
754,0,0.5027256,0
755,0,0.51077867,0
756,0,0.52707314,0
757,0,0.5030593,0
758,0,0.5000658,0
759,0,0.5373449,0
760,0,0.5155513,0
761,1,0.7235049,1
762,0,0.5002322,0
763,0,0.55649,0
764,0,0.6008326,0
765,0,0.5127917,0
766,0,0.5018511,0
767,0,0.7243831,1
768,0,0.72903776,1
769,0,0.5000604,0
770,0,0.5161534,0
771,0,0.50384134,0
772,1,0.60498255,0
773,0,0.7246755,1
774,1,0.70679796,1
775,0,0.7294234,1
776,0,0.52935463,0
777,0,0.50458515,0
778,0,0.5086737,0
779,0,0.50022244,0
780,1,0.7033458,1
781,0,0.50008124,0
782,0,0.50118923,0
783,0,0.50006133,0
784,0,0.5943158,0
785,0,0.5966682,0
786,0,0.5014725,0
787,1,0.715424,1
788,0,0.5175709,0
789,0,0.50039935,0
790,0,0.50136757,0
791,1,0.7292306,1
792,0,0.5019312,0
793,0,0.50009537,0
794,0,0.50100136,0
795,0,0.5019388,0
796,1,0.7291342,1
797,0,0.54973125,0
798,0,0.5014324,0
799,0,0.50029135,0
800,1,0.7291342,1
801,0,0.5000177,0
802,0,0.50698805,0
803,0,0.7265227,1
804,0,0.72496766,1
805,0,0.5009413,0
806,1,0.71611935,1
807,0,0.7051763,1
808,0,0.7300013,1
809,0,0.5016279,0
810,0,0.59190017,0
811,0,0.5017061,0
812,0,0.50271416,0
813,0,0.5372538,0
814,1,0.67017674,1
815,0,0.52754474,0
816,0,0.5025425,0
817,0,0.7296161,1
818,0,0.5078576,0
819,0,0.5015068,0
820,0,0.5013571,0
821,0,0.50001025,0
822,0,0.5062329,0
823,0,0.7276853,1
824,0,0.6977119,1
825,0,0.50008,0
826,0,0.7159208,1
827,0,0.6406359,1
828,0,0.5035152,0
829,0,0.5044097,0
830,0,0.5107405,0
831,0,0.50875,0
832,0,0.5025234,0
833,1,0.6534587,1
834,0,0.62245935,1
835,1,0.7193836,1
836,0,0.72496766,1
837,0,0.5026321,0
838,0,0.73077047,1
839,0,0.7280721,1
840,1,0.7097238,1
841,1,0.728362,1
842,0,0.7300975,1
843,0,0.51096165,0
844,0,0.5077127,0
845,0,0.5072017,0
846,0,0.50015664,0
847,0,0.7236025,1
848,1,0.7300975,1
849,0,0.50248337,0
850,0,0.5050543,0
851,0,0.7246755,1
852,0,0.5062215,0
853,0,0.54083294,0
854,0,0.72066325,1
855,0,0.5317565,0
856,0,0.5034484,0
857,0,0.67329913,1
858,0,0.5010786,0
859,0,0.51146495,0
860,0,0.51557416,0
861,0,0.50003415,0
862,0,0.55811626,0
863,0,0.5034351,0
864,0,0.6345433,1
865,0,0.5047644,0
866,0,0.5061985,0
867,0,0.5030956,0
868,0,0.50299066,0
869,0,0.5965507,0
870,0,0.5003724,0
871,0,0.50004596,0
872,0,0.50442874,0
873,0,0.50195307,0
874,0,0.502409,0
875,0,0.50028443,0
876,0,0.51058036,0
877,0,0.5006256,0
878,0,0.5054662,0
879,0,0.7261344,1
880,0,0.50018454,0
881,1,0.7303861,1
882,0,0.5002042,0
883,0,0.50684315,0
884,1,0.7301937,1
885,0,0.5026836,0
886,0,0.50728554,0
887,0,0.50093746,0
888,0,0.7168137,1
889,0,0.5038852,0
890,0,0.5012655,0
891,0,0.544983,0
892,0,0.5005069,0
893,0,0.54719186,0
894,0,0.50279045,0
895,0,0.502203,0
896,0,0.5322428,0
897,0,0.5004835,0
898,0,0.500793,0
899,0,0.50035954,0
900,0,0.5017395,0
901,1,0.72545415,1
902,0,0.50005543,0
903,0,0.5058095,0
904,0,0.52721006,0
905,0,0.5873515,0
906,0,0.5235726,0
907,0,0.5001278,0
908,0,0.5021362,0
909,0,0.7237978,1
910,0,0.50097513,0
911,0,0.5234508,0
912,0,0.50017464,0
913,0,0.5003948,0
914,0,0.55347514,0
915,0,0.728362,1
916,0,0.5005145,0
917,0,0.5407117,0
918,0,0.5065762,0
919,0,0.50036526,0
920,0,0.5002425,0
921,0,0.50019634,0
922,0,0.7153245,1
923,0,0.65367985,1
924,0,0.7132319,1
925,0,0.603815,0
926,0,0.5011797,0
927,0,0.50115204,0
928,0,0.5050543,0
929,1,0.50447834,0
930,1,0.54728264,0
931,0,0.5408632,0
932,1,0.72691053,1
933,0,0.5132949,0
934,0,0.50261307,0
935,0,0.51512444,0
936,0,0.5021782,0
937,0,0.53206044,0
938,0,0.50397485,0
939,0,0.72739494,1
940,1,0.7070003,1
941,0,0.50035405,0
942,1,0.7305783,1
943,0,0.7234072,1
944,0,0.50038576,0
945,0,0.5133483,0
946,0,0.725843,1
947,0,0.5029678,0
948,0,0.502695,0
949,0,0.53443027,0
950,0,0.51080155,0
951,0,0.5013046,0
952,0,0.50071955,0
953,0,0.58195657,0
954,0,0.6794978,1
955,0,0.5216844,0
956,1,0.7232117,1
957,0,0.7282654,1
958,0,0.69945973,1
959,0,0.51507115,0
960,1,0.68920106,1
961,0,0.5002234,0
962,0,0.59825355,0
963,0,0.55986166,0
964,0,0.5798763,0
965,0,0.57469314,0
966,0,0.729327,1
967,0,0.5163973,0
968,0,0.50018024,0
969,0,0.5442867,0
970,0,0.51065665,0
971,0,0.503826,0
972,0,0.500916,0
973,0,0.55419904,0
974,0,0.5002018,0
975,0,0.5019913,0
976,1,0.7281688,1
977,0,0.5001881,0
978,0,0.52596235,0
979,0,0.501667,0
980,0,0.50004286,0
981,0,0.7300013,1
982,0,0.5082238,0
983,0,0.5124867,0
984,0,0.7280721,1
985,0,0.55679125,0
986,0,0.56115466,0
987,0,0.50376886,0
988,0,0.5074114,0
989,1,0.722527,1
990,0,0.5007086,0
991,0,0.50149536,0
992,0,0.7294234,1
993,0,0.5019913,0
994,0,0.50008994,0
995,0,0.72594017,1
996,0,0.50402445,0
997,0,0.68098474,1
998,0,0.5010538,0
999,0,0.5001553,0
1000,0,0.50135136,0
1001,0,0.5018511,0
1002,1,0.72710437,1
1003,0,0.5013466,0
1004,0,0.54186344,0
1005,0,0.500772,0
1006,0,0.503725,0
1007,0,0.6545636,1
1008,0,0.5046614,0
1009,0,0.7264256,1
1010,0,0.5042113,0
1011,0,0.5002768,0
1012,0,0.50731224,0
1013,0,0.50100136,0
1014,0,0.729327,1
1015,0,0.5083,0
1016,0,0.5031566,0
1017,1,0.7256486,1
1018,0,0.51661074,0
1019,0,0.7306744,1
1020,0,0.5374966,0
1021,0,0.7229184,1
1022,0,0.5790434,0
1023,0,0.5025234,0
1024,0,0.5004988,0
1025,0,0.50149536,0
1026,0,0.5268297,0
1027,0,0.603815,0
1028,0,0.5051306,0
1029,0,0.52841175,0
1030,0,0.6046908,0
1031,0,0.50084066,0
1032,0,0.7298087,1
1033,0,0.54912686,0
1034,0,0.5007839,0
1035,0,0.51352364,0
1036,0,0.50182915,0
1037,0,0.5001888,0
1038,0,0.5002115,0
1039,0,0.6630147,1
1040,0,0.58444905,0
1041,0,0.5029449,0
1042,1,0.72894126,1
1043,0,0.57892436,0
1044,0,0.50083447,0
1045,0,0.5014553,0
1046,0,0.5149873,0
1047,0,0.50003666,0
1048,0,0.5005169,0
1049,0,0.50242805,0
1050,0,0.5001465,0
1051,0,0.50203896,0
1052,0,0.5002444,0
1053,0,0.5009675,0
1054,0,0.51083964,0
1055,0,0.5870556,0
1056,0,0.5239532,0
1057,0,0.5005832,0
1058,0,0.5001459,0
1059,0,0.72632855,1
1060,0,0.50148964,0
1061,0,0.5005188,0
1062,0,0.5001956,0
1063,0,0.61201984,0
1064,0,0.50014937,0
1065,0,0.5197499,0
1066,0,0.5006504,0
1067,0,0.5010376,0
1068,0,0.7073036,1
1069,0,0.5022812,0
1070,0,0.5097949,0
1071,0,0.7077078,1
1072,0,0.7156228,1
1073,0,0.7282654,1
1074,0,0.5023346,0
1075,0,0.50115204,0
1076,0,0.50694996,0
1077,0,0.50387186,0
1078,0,0.55576676,0
1079,0,0.50027895,0
1080,0,0.5047263,0
1081,0,0.5885936,0
1082,0,0.50046325,0
1083,0,0.54988235,0
1084,0,0.50008,0
1085,0,0.50185776,0
1086,0,0.50190926,0
1087,0,0.5136227,0
1088,0,0.5810654,0
1089,0,0.50027466,0
1090,0,0.5003526,0
1091,0,0.5205572,0
1092,0,0.50009066,0
1093,0,0.5063778,0
1094,0,0.54337823,0
1095,0,0.7301937,1
1096,1,0.7295198,1
1097,0,0.5034618,0
1098,1,0.7264256,1
1099,0,0.50010073,0
1100,0,0.5100389,0
1101,0,0.50432575,0
1102,1,0.7237978,1
1103,0,0.5106414,0
1104,0,0.57403666,0
1105,0,0.7301937,1
1106,0,0.5043601,0
1107,0,0.7265227,1
1108,0,0.5123266,0
1109,0,0.52669275,0
1110,0,0.5060956,0
1111,0,0.5010214,0
1112,0,0.6025294,0
1113,0,0.5009017,0
1114,0,0.5003526,0
1115,0,0.5008149,0
1116,0,0.7107287,1
1117,1,0.5939037,0
1118,0,0.502779,0
1119,0,0.7276853,1
1120,0,0.5164278,0
1121,0,0.5100237,0
1122,0,0.500257,0
1123,0,0.5096729,0
1124,0,0.5000633,0
1125,0,0.50915426,0
1126,0,0.5184091,0
1127,0,0.5230397,0
1128,0,0.5031204,0
1129,0,0.52230877,0
1130,0,0.7181993,1
1131,0,0.5021286,0
1132,0,0.5000604,0
1133,1,0.7305783,1
1134,0,0.50039935,0
1135,0,0.5100618,0
1136,0,0.5012951,0
1137,0,0.50231737,0
1138,0,0.50549674,0
1139,0,0.6312534,1
1140,0,0.6274948,1
1141,0,0.500252,0
1142,0,0.5000214,0
1143,0,0.53142214,0
1144,1,0.6396235,1
1145,0,0.500772,0
1146,0,0.7272981,1
1147,1,0.57427543,0
1148,0,0.50586677,0
1149,0,0.5031204,0
1150,0,0.50127506,0
1151,0,0.508178,0
1152,0,0.5240293,0
1153,0,0.5927255,0
1154,0,0.5290505,0
1155,0,0.5019607,0
1156,0,0.50601166,0
1157,0,0.63204867,1
1158,0,0.5012598,0
1159,0,0.5007901,0
1160,1,0.71760595,1
1161,1,0.728362,1
1162,0,0.5020714,0
1163,0,0.6298884,1
1164,0,0.7298087,1
1165,0,0.729327,1
1166,0,0.67640615,1
1167,1,0.7181993,1
1168,0,0.5009861,0
1169,1,0.5164583,0
1170,1,0.7237978,1
1171,1,0.7220373,1
1172,0,0.5007,0
1173,0,0.506702,0
1174,0,0.50068426,0
1175,0,0.6657367,1
1176,1,0.5984882,0
1177,0,0.71790266,1
1178,1,0.68320817,1
1179,0,0.50811696,0
1180,1,0.7281688,1
1181,0,0.5010061,0
1182,0,0.502552,0
1183,0,0.52436423,0
1184,0,0.513394,0
1185,0,0.7168137,1
1186,0,0.5077852,0
1187,0,0.50698805,0
1188,0,0.51067954,0
1189,0,0.5000199,0
1190,0,0.6709318,1
1191,1,0.71442884,1
1192,0,0.5119225,0
1193,0,0.5011349,0
1194,0,0.7300013,1
1195,0,0.50399005,0
1196,0,0.59684443,0
1197,0,0.50116634,0
1198,0,0.5019607,0
1199,0,0.5008087,0
1200,0,0.52841175,0
1201,0,0.51382095,0
1202,0,0.725843,1
1203,1,0.71701187,1
1204,0,0.50912374,0
1205,1,0.7292306,1
1206,1,0.7292306,1
1207,0,0.5374663,0
1208,0,0.5920771,0
1209,1,0.7285552,1
1210,0,0.73028994,1
1211,0,0.5799952,0
1212,0,0.6621414,1
1213,0,0.5058439,0
1214,0,0.5017462,0
1215,0,0.5064503,0
1216,0,0.50035524,0
1217,0,0.5061642,0
1218,0,0.7280721,1
1219,0,0.500015,0
1220,0,0.72894126,1
1221,0,0.50056076,0
1222,0,0.5176318,0
1223,0,0.5924898,0
1224,0,0.5130281,0
1225,0,0.70212173,1
1226,0,0.5610945,0
1227,0,0.50746864,0
1228,0,0.50301355,0
1229,0,0.50003606,0
1230,0,0.5061642,0
1231,0,0.5148272,0
1232,0,0.72903776,1
1233,0,0.50402445,0
1234,1,0.72990495,1
1235,0,0.6295469,1
1236,0,0.5075525,0
1237,0,0.6723317,1
1238,0,0.57230455,0
1239,0,0.603523,0
1240,0,0.50968814,0
1241,0,0.5002768,0
1242,0,0.7235049,1
1243,0,0.5017595,0
1244,1,0.72389543,1
1245,0,0.50049686,0
1246,0,0.50137806,0
1247,0,0.7300975,1
1248,0,0.50011545,0
1249,0,0.50060606,0
1250,0,0.50123596,0
1251,0,0.50048923,0
1252,0,0.6101051,0
1253,1,0.7300975,1
1254,0,0.51901853,0
1255,0,0.6312534,1
1256,1,0.6727618,1
1257,0,0.500854,0
1258,0,0.6927459,1
1259,0,0.66432256,1
1260,0,0.5420755,0
1261,0,0.5015068,0
1262,0,0.55658036,0
1263,0,0.5163364,0
1264,0,0.50674015,0
1265,0,0.5000521,0
1266,0,0.53555393,0
1267,0,0.5456489,0
1268,0,0.50258255,0
1269,0,0.5010538,0
1270,0,0.50714827,0
1271,0,0.5199326,0
1272,0,0.72990495,1
1273,0,0.57349926,0
1274,0,0.5149644,0
1275,0,0.5000252,0
1276,1,0.6081287,0
1277,0,0.50011504,0
1278,0,0.50234413,0
1279,0,0.5017462,0
1280,0,0.50123596,0
1281,0,0.72603726,1
1282,0,0.50116634,0
1283,1,0.72894126,1
1284,0,0.72990495,1
1285,0,0.5022716,0
1286,0,0.5448922,0
1287,0,0.66985285,1
1288,0,0.500172,0
1289,0,0.50058556,0
1290,0,0.50031734,0
1291,0,0.50031114,0
1292,0,0.53184766,0
1293,0,0.500252,0
1294,0,0.7308665,1
1295,0,0.7305783,1
1296,0,0.52180624,0
1297,0,0.69945973,1
1298,0,0.5071101,0
1299,0,0.5019683,0
1300,0,0.524623,0
1301,0,0.7188905,1
1302,0,0.500751,0
1303,1,0.5537164,0
1304,0,0.7019174,1
1305,0,0.5035705,0
1306,0,0.5143927,0
1307,0,0.50370973,0
1308,0,0.6234915,1
1309,0,0.5063435,0
1310,0,0.5033321,0
1311,0,0.50093746,0
1312,0,0.7306744,1
1313,0,0.5463146,0
1314,0,0.729327,1
1315,0,0.5002425,0
1316,0,0.7295198,1
1317,0,0.5000044,0
1318,0,0.52825963,0
1319,0,0.5191557,0
1320,0,0.5155208,0
1321,0,0.5167936,0
1322,0,0.5000281,0
1323,0,0.5036544,0
1324,0,0.50187206,0
1325,0,0.647018,1
1326,1,0.7300013,1
1327,1,0.7294234,1
1328,0,0.5000163,0
1329,0,0.52506447,0
1330,0,0.7276853,1
1331,0,0.54849213,0
1332,0,0.5331544,0
1333,0,0.5006733,0
1334,0,0.51196826,0
1335,1,0.7300975,1
1336,0,0.5026531,0
1337,0,0.7204666,1
1338,0,0.5052298,0
1339,1,0.72661966,1
1340,0,0.68626493,1
1341,0,0.5224306,0
1342,0,0.6522414,1
1343,0,0.50402445,0
1344,0,0.50117016,0
1345,0,0.5043944,0
1346,0,0.5223545,0
1347,0,0.5004387,0
1348,0,0.5069614,0
1349,0,0.5009303,0
1350,0,0.6167627,0
1351,0,0.5010061,0
1352,0,0.6995624,1
1353,0,0.50004286,0
1354,0,0.5006976,0
1355,0,0.5058324,0
1356,0,0.6694208,1
1357,0,0.5105194,0
1358,0,0.50595444,0
1359,0,0.7301937,1
1360,0,0.537618,0
1361,0,0.5000309,0
1362,1,0.72990495,1
1363,0,0.50041366,0
1364,0,0.50124073,0
1365,0,0.72535694,1
1366,0,0.62658125,1
1367,0,0.5600722,0
1368,0,0.52994764,0
1369,0,0.50021315,0
1370,1,0.7244806,1
1371,1,0.72691053,1
1372,0,0.50816274,0
1373,0,0.66093874,1
1374,0,0.5001064,0
1375,0,0.5252927,0
1376,0,0.51065665,0
1377,1,0.7277821,1
1378,0,0.5017662,0
1379,0,0.5014324,0
1380,0,0.7242856,1
1381,0,0.5429844,0
1382,0,0.7272012,1
1383,0,0.6118459,0
1384,0,0.5018015,0
1385,0,0.5078004,0
1386,0,0.7190878,1
1387,0,0.50013816,0
1388,0,0.5152693,0
1389,0,0.55103016,0
1390,0,0.50011146,0
1391,0,0.6046324,0
1392,0,0.50671345,0
1393,0,0.5055387,0
1394,0,0.5048445,0
1395,0,0.50231737,0
1396,0,0.50127983,0
1397,0,0.52077055,0
1398,0,0.50037384,0
1399,0,0.50766695,0
1400,1,0.52171487,0
1401,0,0.5007224,0
1402,0,0.72845864,1
1403,0,0.5004988,0
1404,0,0.502161,0
1405,0,0.5095813,0
1406,0,0.5692541,0
1407,0,0.5227047,0
1408,0,0.52471435,0
1409,0,0.5285182,0
1410,0,0.5017662,0
1411,0,0.7294234,1
1412,0,0.5843898,0
1413,0,0.7295198,1
1414,1,0.7301937,1
1415,0,0.7268136,1
1416,0,0.51449937,0
1417,0,0.50063276,0
1418,0,0.5028991,0
1419,0,0.5023804,0
1420,0,0.723993,1
1421,0,0.72115445,1
1422,0,0.5079034,0
1423,0,0.5347036,0
1424,0,0.5015974,0
1425,0,0.5261906,0
1426,0,0.5685356,0
1427,0,0.5170984,0
1428,0,0.5005455,0
1429,0,0.50437915,0
1430,0,0.5077394,0
1431,0,0.6215983,0
1432,0,0.5788649,0
1433,0,0.502264,0
1434,0,0.5051115,0
1435,0,0.5009713,0
1436,0,0.72301626,1
1437,0,0.5034885,0
1438,0,0.5228722,0
1439,0,0.5022373,0
1440,0,0.72903776,1
1441,0,0.72865176,1
1442,1,0.72903776,1
1443,0,0.55015427,0
1444,0,0.50643885,0
1445,0,0.7201715,1
1446,0,0.50011504,0
1447,0,0.72594017,1
1448,0,0.5758862,0
1449,0,0.50447834,0
1450,0,0.50007063,0
1451,0,0.50493985,0
1452,0,0.72845864,1
1453,1,0.72710437,1
1454,0,0.5548926,0
1455,0,0.5396201,0
1456,0,0.50261307,0
1457,0,0.50022423,0
1458,0,0.51512444,0
1459,0,0.6810908,1
1460,1,0.7305783,1
1461,0,0.601535,0
1462,0,0.6228035,1
1463,0,0.50100994,0
1464,1,0.7287483,1
1465,0,0.7279754,1
1466,0,0.50709486,0
1467,0,0.51070243,0
1468,0,0.728362,1
1469,0,0.54219675,0
1470,0,0.5020313,0
1471,0,0.55287164,0
1472,0,0.5042609,0
1473,0,0.7192851,1
1474,0,0.72691053,1
1475,0,0.5283205,0
1476,0,0.5007901,0
1477,0,0.50288767,0
1478,0,0.5070834,0
1479,0,0.5289136,0
1480,1,0.72311395,1
1481,0,0.5001102,0
1482,0,0.7242856,1
1483,0,0.52195853,0
1484,0,0.5015011,0
1485,0,0.50203896,0
1486,0,0.7221353,1
1487,1,0.70750576,1
1488,0,0.5001615,0
1489,0,0.50016284,0
1490,0,0.5001788,0
1491,1,0.725843,1
1492,0,0.6365791,1
1493,0,0.615839,0
1494,0,0.5014725,0
1495,0,0.50437915,0
1496,0,0.6437773,1
1497,0,0.5749915,0
1498,0,0.50300217,0
1499,0,0.5018511,0
1500,0,0.7265227,1
1501,0,0.52696663,0
1502,0,0.7210562,1
1503,0,0.5001072,0
1504,0,0.65013415,1
1505,0,0.5113811,0
1506,1,0.71869314,1
1507,0,0.5021362,0
1508,0,0.7280721,1
1509,0,0.6568784,1
1510,0,0.5082848,0
1511,0,0.5001334,0
1512,0,0.5018873,0
1513,0,0.52051157,0
1514,0,0.7298087,1
1515,0,0.5032672,0
1516,0,0.5015545,0
1517,0,0.659734,1
1518,0,0.5064274,0
1519,0,0.51246387,0
1520,0,0.517007,0
1521,0,0.52836615,0
1522,0,0.50067616,0
1523,0,0.50811696,0
1524,0,0.72691053,1
1525,0,0.7028361,1
1526,0,0.5056455,0
1527,0,0.5119835,0
1528,0,0.5011387,0
1529,0,0.5019312,0
1530,0,0.5159857,0
1531,0,0.5131043,0
1532,0,0.6055075,0
1533,0,0.50248337,0
1534,0,0.5202983,0
1535,0,0.5071368,0
1536,0,0.5130052,0
1537,0,0.51621443,0
1538,0,0.50361246,0
1539,0,0.648689,1
1540,0,0.5300997,0
1541,0,0.5005269,0
1542,0,0.5019913,0
1543,0,0.7300975,1
1544,0,0.5015907,0
1545,0,0.6727618,1
1546,0,0.7297124,1
1547,0,0.7301937,1
1548,0,0.5006404,0
1549,0,0.72700745,1
1550,0,0.5031318,0
1551,0,0.5005541,0
1552,0,0.7237002,1
1553,0,0.5158943,0
1554,0,0.6658453,1
1555,0,0.5003917,0
1556,1,0.72865176,1
1557,0,0.50704145,0
1558,0,0.5245926,0
1559,0,0.5004668,0
1560,0,0.5100008,0
1561,1,0.72671664,1
1562,0,0.6222298,0
1563,0,0.54592127,0
1564,0,0.50006735,0
1565,0,0.50063515,0
1566,0,0.5461633,0
1567,0,0.5028553,0
1568,0,0.5044631,0
1569,0,0.5138743,0
1570,1,0.7298087,1
1571,0,0.5019607,0
1572,0,0.5535053,0
1573,0,0.50917715,0
1574,0,0.5015974,0
1575,0,0.6811968,1
1576,0,0.6782204,1
1577,0,0.50451267,0
1578,0,0.52415115,0
1579,0,0.5002018,0
1580,0,0.5005498,0
1581,0,0.5042304,0
1582,0,0.5007,0
1583,0,0.72739494,1
1584,0,0.500478,0
1585,0,0.5028228,0
1586,0,0.5000358,0
1587,0,0.6317079,1
1588,0,0.50056076,0
1589,0,0.6199316,0
1590,0,0.7251623,1
1591,0,0.50089836,0
1592,0,0.5031814,0
1593,0,0.5430753,0
1594,0,0.7294234,1
1595,0,0.5025425,0
1596,0,0.5103059,0
1597,1,0.7292306,1
1598,0,0.5002216,0
1599,0,0.5514228,0
1600,0,0.5001201,0
1601,0,0.72193927,1
1602,0,0.5005832,0
1603,0,0.50074816,0
1604,0,0.5192014,0
1605,0,0.55682135,0
1606,0,0.6577583,1
1607,0,0.5067783,0
1608,0,0.5001888,0
1609,0,0.7282654,1
1610,0,0.5038566,0
1611,0,0.5023632,0
1612,0,0.50037384,0
1613,0,0.5001426,0
1614,0,0.5137218,0
1615,0,0.5005479,0
1616,0,0.6504673,1
1617,1,0.55772483,0
1618,0,0.5001047,0
1619,0,0.5014496,0
1620,0,0.7305783,1
1621,0,0.5001072,0
1622,0,0.5004742,0
1623,0,0.7153245,1
1624,0,0.7212526,1
1625,0,0.633637,1
1626,0,0.5474943,0
1627,0,0.70201963,1
1628,0,0.5026531,0
1629,0,0.5002359,0
1630,0,0.64567864,1
1631,0,0.5404085,0
1632,0,0.5033321,0
1633,0,0.5141335,0
1634,0,0.6675812,1
1635,0,0.6677979,1
1636,0,0.5120064,0
1637,0,0.66725606,1
1638,1,0.73028994,1
1639,0,0.5199022,0
1640,0,0.50731224,0
1641,0,0.50012386,0
1642,0,0.5147205,0
1643,0,0.5049017,0
1644,0,0.50029135,0
1645,0,0.5007224,0
1646,1,0.7028361,1
1647,0,0.6234915,1
1648,0,0.5994265,0
1649,0,0.50099754,0
1650,0,0.71133065,1
1651,0,0.5003638,0
1652,0,0.51034397,0
1653,0,0.52506447,0
1654,0,0.50088453,0
1655,0,0.5001415,0
1656,0,0.50156593,0
1657,0,0.5008812,0
1658,0,0.72233117,1
1659,0,0.5381338,0
1660,0,0.5007992,0
1661,0,0.5805899,0
1662,0,0.5010061,0
1663,0,0.5795789,0
1664,0,0.5002935,0
1665,0,0.50034046,0
1666,0,0.72894126,1
1667,0,0.5091924,0
1668,1,0.72787875,1
1669,0,0.52641886,0
1670,0,0.50016034,0
1671,0,0.5010662,0
1672,0,0.5010786,0
1673,0,0.7276853,1
1674,0,0.7300975,1
1675,1,0.7292306,1
1676,0,0.5000723,0
1677,0,0.5000168,0
1678,0,0.63352364,1
1679,0,0.5042609,0
1680,0,0.51744896,0
1681,0,0.5210295,0
1682,0,0.7240906,1
1683,0,0.5000658,0
1684,0,0.5048178,0
1685,0,0.7226249,1
1686,0,0.54513437,0
1687,0,0.50035524,0
1688,0,0.5009861,0
1689,0,0.500505,0
1690,0,0.50893307,0
1691,0,0.5535958,0
1692,0,0.500772,0
1693,0,0.72894126,1
1694,0,0.7296161,1
1695,1,0.7248703,1
1696,0,0.724578,1
1697,0,0.6987408,1
1698,0,0.5481293,0
1699,0,0.5000215,0
1700,0,0.5262819,0
1701,0,0.5313918,0
1702,1,0.7288448,1
1703,0,0.50998557,0
1704,0,0.6445608,1
1705,1,0.7282654,1
1706,0,0.5024357,0
1707,0,0.6703925,1
1708,0,0.7298087,1
1709,0,0.5199326,0
1710,0,0.50041366,0
1711,0,0.5073847,0
1712,0,0.51392764,0
1713,0,0.50429523,0
1714,0,0.50562644,0
1715,1,0.72389543,1
1716,0,0.5767208,0
1717,0,0.5495198,0
1718,0,0.5007868,0
1719,0,0.52841175,0
1720,0,0.7291342,1
1721,0,0.5031204,0
1722,0,0.6276089,1
1723,0,0.50056744,0
1724,0,0.50674015,0
1725,0,0.51676315,0
1726,0,0.6396235,1
1727,0,0.50003695,0
1728,0,0.5241207,0
1729,0,0.5018368,0
1730,0,0.51744896,0
1731,0,0.7272981,1
1732,0,0.6932653,1
1733,0,0.71183175,1
1734,0,0.5031814,0
1735,0,0.503025,0
1736,1,0.7281688,1
1737,0,0.7277821,1
1738,0,0.50005007,0
1739,0,0.5068317,0
1740,0,0.5755284,0
1741,0,0.5025139,0
1742,0,0.6633419,1
1743,0,0.50072527,0
1744,0,0.5017805,0
1745,1,0.7221353,1
1746,0,0.5984882,0
1747,0,0.504444,0
1748,0,0.5788649,0
1749,0,0.5000422,0
1750,0,0.5023079,0
1751,0,0.60147655,0
1752,1,0.5573936,0
1753,0,0.500895,0
1754,0,0.72242916,1
1755,0,0.501667,0
1756,0,0.5000074,0
1757,0,0.69863796,1
1758,0,0.500772,0
1759,0,0.5044097,0
1760,0,0.5007224,0
1761,0,0.5009413,0
1762,0,0.5000862,0
1763,0,0.5040855,0
1764,1,0.72193927,1
1765,0,0.50035954,0
1766,0,0.5153227,0
1767,0,0.5378304,0
1768,0,0.50915426,0
1769,0,0.56517875,0
1770,0,0.52171487,0
1771,0,0.5031204,0
1772,1,0.71353143,1
1773,0,0.67168593,1
1774,0,0.50808644,0
1775,0,0.7300013,1
1776,0,0.728362,1
1777,0,0.5017395,0
1778,0,0.50261307,0
1779,0,0.5001459,0
1780,1,0.7294234,1
1781,0,0.5112286,0
1782,0,0.503725,0
1783,0,0.5022545,0
1784,0,0.5597413,0
1785,0,0.50555015,0
1786,0,0.664758,1
1787,0,0.7306744,1
1788,0,0.5140801,0
1789,0,0.5030956,0
1790,0,0.7285552,1
1791,0,0.50011414,0
1792,0,0.5708697,0
1793,0,0.5028228,0
1794,0,0.5264645,0
1795,0,0.50088453,0
1796,0,0.6955449,1
1797,0,0.5921361,0
1798,0,0.72671664,1
1799,0,0.5368593,0
1800,0,0.6207366,0
1801,0,0.5028,0
1802,0,0.50043535,0
1803,0,0.5001064,0
1804,1,0.7247729,1
1805,0,0.5010958,0
1806,0,0.5009451,0
1807,0,0.534734,0
1808,0,0.6878397,1
1809,0,0.535311,0
1810,0,0.50044894,0
1811,0,0.5089178,0
1812,1,0.7255514,1
1813,0,0.50437915,0
1814,1,0.72787875,1
1815,0,0.7285552,1
1816,0,0.5252471,0
1817,0,0.5607037,0
1818,0,0.5020866,0
1819,0,0.50135136,0
1820,0,0.50402445,0
1821,0,0.72311395,1
1822,0,0.50091267,0
1823,0,0.5141106,0
1824,1,0.7247729,1
1825,0,0.502409,0
1826,0,0.50004023,0
1827,0,0.7300975,1
1828,0,0.614394,0
1829,0,0.7281688,1
1830,1,0.72894126,1
1831,0,0.5012264,0
1832,0,0.5000717,0
1833,0,0.5199022,0
1834,1,0.6254381,1
1835,0,0.7227227,1
1836,0,0.5017128,0
1837,0,0.59549254,0
1838,0,0.5007367,0
1839,0,0.5006013,0
1840,0,0.6354487,1
1841,0,0.5084297,0
1842,0,0.51971936,0
1843,1,0.7233095,1
1844,0,0.51703745,0
1845,0,0.50049114,0
1846,0,0.5012312,0
1847,0,0.690872,1
1848,0,0.6040486,0
1849,0,0.5007992,0
1850,0,0.50107,0
1851,0,0.72845864,1
1852,0,0.5016155,0
1853,0,0.5496708,0
1854,0,0.50586677,0
1855,0,0.72311395,1
1856,0,0.5040549,0
1857,0,0.510405,0
1858,0,0.6268098,1
1859,0,0.5208924,0
1860,0,0.50288767,0
1861,0,0.50562644,0
1862,0,0.5343088,0
1863,0,0.5207401,0
1864,0,0.72691053,1
1865,0,0.51789093,0
1866,0,0.5016794,0
1867,1,0.7291342,1
1868,0,0.5070834,0
1869,0,0.5643386,0
1870,0,0.50447834,0
1871,1,0.7285552,1
1872,0,0.5078271,0
1873,0,0.7288448,1
1874,0,0.5043944,0
1875,0,0.50068426,0
1876,0,0.54177254,0
1877,0,0.5778527,0
1878,0,0.50032234,0
1879,1,0.7246755,1
1880,0,0.5115031,0
1881,0,0.506271,0
1882,0,0.5567611,0
1883,0,0.512441,0
1884,0,0.6346565,1
1885,0,0.7285552,1
1886,0,0.5003886,0
1887,0,0.5082543,0
1888,0,0.50198364,0
1889,0,0.71032697,1
1890,0,0.5000653,0
1891,0,0.5083,0
1892,1,0.7305783,1
1893,0,0.50070286,0
1894,0,0.5727825,0
1895,0,0.5009637,0
1896,0,0.72574586,1
1897,0,0.5053213,0
1898,0,0.501667,0
1899,0,0.50870425,0
1900,0,0.50418085,0
1901,0,0.5286551,0
1902,0,0.5052603,0
1903,0,0.53607005,0
1904,0,0.5108778,0
1905,0,0.50455844,0
1906,0,0.5063893,0
1907,0,0.63883525,1
1908,0,0.5061185,0
1909,0,0.572185,0
1910,0,0.50008,0
1911,0,0.5038566,0
1912,0,0.5012455,0
1913,0,0.7119319,1
1914,0,0.50759447,0
1915,0,0.5005784,0
1916,0,0.5114421,0
1917,0,0.5004525,0
1918,0,0.60626537,0
1919,0,0.530571,0
1920,0,0.5007777,0
1921,1,0.71671456,1
1922,0,0.50025296,0
1923,0,0.5133254,0
1924,0,0.50017464,0
1925,0,0.5069232,0
1926,0,0.5005832,0
1927,0,0.509528,0
1928,0,0.6091173,0
1929,0,0.5600722,0
1930,0,0.50239944,0
1931,0,0.52471435,0
1932,0,0.51377517,0
1933,0,0.50157833,0
1934,0,0.5463449,0
1935,0,0.7287483,1
1936,0,0.50036097,0
1937,0,0.73077047,1
1938,0,0.5053938,0
1939,0,0.6052159,0
1940,0,0.63443005,1
1941,0,0.7208598,1
1942,0,0.5780314,0
1943,0,0.50025105,0
1944,0,0.50016534,0
1945,0,0.7277821,1
1946,0,0.542318,0
1947,0,0.5002463,0
1948,0,0.50024724,0
1949,0,0.5000658,0
1950,0,0.50514966,0
1951,0,0.60428214,0
1952,0,0.6788595,1
1953,0,0.51324916,0
1954,0,0.52291787,0
1955,0,0.5075106,0
1956,0,0.51750994,0
1957,0,0.5074534,0
1958,0,0.7216451,1
1959,1,0.73028994,1
1960,0,0.5283205,0
1961,0,0.6629056,1
1962,0,0.7247729,1
1963,0,0.500226,0
1964,0,0.7272012,1
1965,0,0.5205572,0
1966,0,0.5993679,0
1967,0,0.537709,0
1968,0,0.54592127,0
1969,0,0.5071368,0
1970,0,0.724578,1
1971,0,0.72894126,1
1972,0,0.5000832,0
1973,0,0.5441959,0
1974,0,0.55522424,0
1975,0,0.50179386,0
1976,0,0.5005832,0
1977,0,0.5182871,0
1978,0,0.6929537,1
1979,0,0.7305783,1
1980,0,0.51167846,0
1981,0,0.50241846,0
1982,0,0.69750595,1
1983,0,0.5014725,0
1984,0,0.5720057,0
1985,0,0.50025606,0
1986,0,0.5000274,0
1987,0,0.5001015,0
1988,0,0.51420975,0
1989,1,0.7295198,1
1990,0,0.5001687,0
1991,0,0.50488263,0
1992,0,0.52961314,0
1993,0,0.5597413,0
1994,0,0.5001404,0
1995,0,0.50181484,0
1996,0,0.5059239,0
1997,0,0.5053099,0
1998,0,0.5017128,0
1999,0,0.6311397,1
2000,0,0.50015235,0
2001,0,0.50370973,0
2002,0,0.500854,0
2003,0,0.5000794,0
2004,0,0.5139505,0
2005,0,0.7195807,1
2006,0,0.5173118,0
2007,1,0.72710437,1
2008,0,0.5098711,0
2009,1,0.72095805,1
2010,0,0.5004854,0
2011,0,0.5215321,0
2012,0,0.50009996,0
2013,0,0.5567611,0
2014,0,0.5329721,0
2015,0,0.7060891,1
2016,0,0.55528456,0
2017,0,0.5029449,0
2018,0,0.53704137,0
2019,0,0.5008707,0
2020,0,0.5708697,0
2021,0,0.502592,0
2022,0,0.72894126,1
2023,0,0.7130322,1
2024,0,0.500864,0
2025,0,0.5073542,0
2026,0,0.7276853,1
2027,0,0.520085,0
2028,0,0.5007086,0
2029,0,0.5252927,0
2030,0,0.6055075,0
2031,0,0.5099474,0
2032,0,0.50586677,0
2033,0,0.5401356,0
2034,0,0.7280721,1
2035,0,0.54988235,0
2036,0,0.52374005,0
2037,0,0.7058864,1
2038,0,0.5035152,0
2039,0,0.506046,0
2040,0,0.5000517,0
2041,0,0.5051916,0
2042,0,0.5002959,0
2043,0,0.5003979,0
2044,0,0.5005069,0
2045,0,0.51170135,0
2046,0,0.55730325,0
2047,0,0.5285638,0
2048,0,0.5001072,0
2049,1,0.7276853,1
2050,0,0.5014553,0
2051,0,0.5181805,0
2052,0,0.50036097,0
2053,0,0.5033569,0
2054,0,0.6541219,1
2055,1,0.7268136,1
2056,1,0.7304822,1
2057,0,0.50442874,0
2058,0,0.50032496,0
2059,0,0.50211906,0
2060,0,0.5011978,0
2061,0,0.50014937,0
2062,0,0.7248703,1
2063,0,0.72894126,1
2064,0,0.5173728,0
2065,0,0.5285638,0
2066,0,0.5076097,0
2067,0,0.5435297,0
2068,0,0.7301937,1
2069,0,0.50000453,0
2070,1,0.7301937,1
2071,0,0.73028994,1
2072,0,0.5016537,0
2073,0,0.51337117,0
2074,0,0.70871687,1
2075,0,0.50022864,0
2076,0,0.5118081,0
2077,0,0.5100237,0
2078,1,0.72990495,1
2079,0,0.5967269,0
2080,0,0.5210751,0
2081,0,0.67800725,1
2082,0,0.62171316,0
2083,0,0.5016222,0
2084,0,0.53655577,0
2085,0,0.50016344,0
2086,0,0.5012264,0
2087,0,0.714628,1
2088,0,0.5077127,0
2089,0,0.50015783,0
2090,0,0.50045776,0
2091,1,0.7300975,1
2092,0,0.5126773,0
2093,0,0.5673374,0
2094,0,0.55054694,0
2095,0,0.5173118,0
2096,0,0.5120521,0
2097,0,0.5180128,0
2098,0,0.5000149,0
2099,0,0.51106846,0
2100,0,0.5001559,0
2101,0,0.585516,0
2102,0,0.61039543,0
2103,0,0.7305783,1
2104,0,0.6694208,1
2105,0,0.5002123,0
2106,0,0.5801737,0
2107,0,0.5011978,0
2108,0,0.7304822,1
2109,0,0.5141106,0
2110,0,0.504116,0
2111,0,0.68710536,1
2112,0,0.5012312,0
2113,0,0.50376886,0
2114,0,0.50081205,0
2115,0,0.50893307,0
2116,0,0.52118176,0
2117,0,0.66508436,1
2118,0,0.5088187,0
2119,0,0.62291825,1
2120,0,0.5064999,0
2121,0,0.5136456,0
2122,0,0.7134316,1
2123,0,0.5316957,0
2124,1,0.72739494,1
2125,0,0.502409,0
2126,0,0.6070227,0
2127,0,0.5021038,0
2128,1,0.7102265,1
2129,0,0.7192851,1
2130,0,0.5002601,0
2131,0,0.5463751,0
2132,0,0.52348125,0
2133,0,0.7294234,1
2134,0,0.5017805,0
2135,0,0.50963473,0
2136,0,0.5014162,0
2137,0,0.5007963,0
2138,0,0.5001068,0
2139,0,0.7208598,1
2140,0,0.50450504,0
2141,0,0.72894126,1
2142,0,0.5004525,0
2143,0,0.5006156,0
2144,0,0.50010073,0
2145,0,0.5215321,0
2146,0,0.5177538,0
2147,0,0.50058985,0
2148,1,0.72787875,1
2149,0,0.5034084,0
2150,0,0.50002855,0
2151,0,0.5051916,0
2152,0,0.5048178,0
2153,1,0.69657785,1
2154,0,0.5072322,0
2155,0,0.5028228,0
2156,0,0.60609055,0
2157,0,0.5792219,0
2158,0,0.5019016,0
2159,1,0.7216451,1
2160,0,0.51262397,0
2161,0,0.5000299,0
2162,0,0.52994764,0
2163,0,0.5001278,0
2164,0,0.5000069,0
2165,0,0.7300013,1
2166,0,0.7268136,1
2167,0,0.500278,0
2168,0,0.7237002,1
2169,0,0.5048255,0
2170,0,0.729327,1
2171,1,0.7298087,1
2172,0,0.5001761,0
2173,0,0.500916,0
2174,0,0.5164583,0
2175,0,0.572185,0
2176,0,0.5010662,0
2177,1,0.5948455,0
2178,0,0.50702626,0
2179,0,0.51703745,0
2180,0,0.5019312,0
2181,0,0.5062329,0
2182,0,0.5035152,0
2183,0,0.57606506,0
2184,0,0.53752697,0
2185,0,0.5002074,0
2186,0,0.5002768,0
2187,0,0.50013244,0
2188,0,0.7298087,1
2189,1,0.72749174,1
2190,0,0.50399005,0
2191,0,0.5003872,0
2192,0,0.50300217,0
2193,0,0.507583,0
2194,0,0.5035972,0
2195,0,0.70992494,1
2196,1,0.7265227,1
2197,0,0.5054243,0
2198,0,0.6179162,0
2199,0,0.50003237,0
2200,0,0.5019913,0
2201,0,0.51146495,0
2202,0,0.50097847,0
2203,0,0.51546746,0
2204,0,0.53345823,0
2205,0,0.50042176,0
2206,0,0.72758853,1
2207,0,0.5054662,0
2208,1,0.72115445,1
2209,0,0.5094517,0
2210,0,0.5014162,0
2211,1,0.7304822,1
2212,0,0.72233117,1
2213,0,0.54304504,0
2214,0,0.7001778,1
2215,0,0.50092316,0
2216,0,0.5142936,0
2217,0,0.50481015,0
2218,0,0.5003841,0
2219,0,0.6280653,1
2220,1,0.7291342,1
2221,0,0.50027895,0
2222,0,0.6874202,1
2223,0,0.50019634,0
2224,0,0.5000254,0
2225,0,0.5314526,0
2226,0,0.50110435,0
2227,0,0.5000794,0
2228,0,0.5017595,0
2229,0,0.50036526,0
2230,0,0.56799656,0
2231,0,0.63578796,1
2232,0,0.50397485,0
2233,0,0.7285552,1
2234,0,0.5223545,0
2235,0,0.72311395,1
2236,0,0.68909645,1
2237,0,0.5020466,0
2238,0,0.70120186,1
2239,0,0.5019913,0
2240,0,0.58100593,0
2241,1,0.72095805,1
2242,0,0.50180817,0
2243,0,0.503826,0
2244,0,0.50137234,0
2245,1,0.7233095,1
2246,0,0.6525736,1
2247,0,0.50819325,0
2248,0,0.54004467,0
2249,0,0.50056744,0
2250,0,0.5008025,0
2251,0,0.6804541,1
2252,0,0.51077867,0
2253,0,0.50224686,0
2254,0,0.6572085,1
2255,0,0.500916,0
2256,1,0.7195807,1
2257,1,0.71432924,1
2258,0,0.68909645,1
2259,0,0.50129986,0
2260,1,0.67490816,1
2261,0,0.7301937,1
2262,0,0.72865176,1
2263,0,0.72903776,1
2264,0,0.51007706,0
2265,0,0.7308665,1
2266,0,0.7192851,1
2267,0,0.65951484,1
2268,0,0.5015125,0
2269,0,0.6001883,0
2270,0,0.5523888,0
2271,0,0.7268136,1
2272,0,0.6750153,1
2273,0,0.521989,0
2274,0,0.50575614,0
2275,0,0.5050047,0
2276,0,0.50008994,0
2277,0,0.50368303,0
2278,0,0.7264256,1
2279,1,0.7285552,1
2280,1,0.7300975,1
2281,0,0.50004286,0
2282,0,0.6693127,1
2283,0,0.50004315,0
2284,0,0.50004387,0
2285,0,0.5053213,0
2286,0,0.51575714,0
2287,0,0.52048105,0
2288,0,0.5038566,0
2289,0,0.50068665,0
2290,0,0.6804541,1
2291,0,0.5002322,0
2292,0,0.50893307,0
2293,0,0.50008124,0
2294,0,0.71163136,1
2295,0,0.509528,0
2296,0,0.5128146,0
2297,0,0.5005765,0
2298,0,0.50039935,0
2299,0,0.50105,0
2300,0,0.5000378,0
2301,0,0.5476757,0
2302,0,0.69699055,1
2303,0,0.5029335,0
2304,1,0.7285552,1
2305,0,0.66268736,1
2306,0,0.501647,0
2307,0,0.5036544,0
2308,0,0.5161534,0
2309,0,0.5014324,0
2310,0,0.5164888,0
2311,0,0.50728554,0
2312,0,0.728362,1
2313,0,0.52930903,0
2314,0,0.50062037,0
2315,0,0.50709486,0
2316,0,0.50381273,0
2317,0,0.7285552,1
2318,0,0.5010252,0
2319,0,0.6867903,1
2320,0,0.7295198,1
2321,0,0.50181484,0
2322,0,0.66714764,1
2323,0,0.5162449,0
2324,0,0.50855935,0
2325,0,0.5182871,0
2326,0,0.5007224,0
2327,0,0.5546514,0
2328,0,0.7169128,1
2329,0,0.5036544,0
2330,1,0.6943027,1
2331,0,0.503725,0
2332,0,0.52596235,0
2333,0,0.5338836,0
2334,0,0.500159,0
2335,1,0.72903776,1
2336,0,0.502922,0
2337,0,0.52841175,0
2338,0,0.50181484,0
2339,0,0.53661644,0
2340,0,0.5005717,0
2341,1,0.7288448,1
2342,0,0.5208924,0
2343,0,0.5022545,0
2344,0,0.57755494,0
2345,0,0.5152693,0
2346,0,0.59502196,0
2347,0,0.5046538,0
2348,0,0.5002296,0
2349,0,0.50009465,0
2350,0,0.71849567,1
2351,0,0.50865084,0
2352,0,0.7287483,1
2353,0,0.7218412,1
2354,0,0.5045394,0
2355,0,0.51024485,0
2356,0,0.5226286,0
2357,0,0.70324385,1
2358,0,0.55823666,0
2359,0,0.6266955,1
2360,0,0.5055082,0
2361,1,0.723993,1
2362,0,0.5004437,0
2363,0,0.5003979,0
2364,0,0.51512444,0
2365,0,0.690246,1
2366,0,0.5064999,0
2367,0,0.5362522,0
2368,0,0.5007868,0
2369,0,0.51202923,0
2370,0,0.50120735,0
2371,0,0.50007117,0
2372,0,0.7298087,1
2373,0,0.65379035,1
2374,0,0.5006108,0
2375,0,0.50352854,0
2376,0,0.50035954,0
2377,0,0.51369894,0
2378,1,0.7288448,1
2379,0,0.58545667,0
2380,0,0.5782696,0
2381,0,0.5005207,0
2382,0,0.53306323,0
2383,0,0.5165802,0
2384,0,0.5175709,0
2385,0,0.5018654,0
2386,0,0.7027341,1
2387,0,0.72661966,1
2388,0,0.5111905,0
2389,0,0.500252,0
2390,0,0.5127231,0
2391,0,0.5020866,0
2392,0,0.503292,0
2393,0,0.50119305,0
2394,0,0.64119774,1
2395,0,0.5001838,0
2396,0,0.503025,0
2397,0,0.72894126,1
2398,0,0.6791787,1
2399,1,0.71133065,1
2400,0,0.542318,0
2401,0,0.52125794,0
2402,0,0.5030956,0
2403,1,0.72739494,1
2404,0,0.5144461,0
2405,0,0.6043989,0
2406,0,0.51501775,0
2407,0,0.51667166,0
2408,0,0.5000939,0
2409,0,0.51936895,0
2410,0,0.6721165,1
2411,0,0.50880337,0
2412,1,0.7303861,1
2413,0,0.5382855,0
2414,0,0.5016155,0
2415,0,0.5017328,0
2416,0,0.72115445,1
2417,1,0.7295198,1
2418,0,0.5259167,0
2419,0,0.53309363,0
2420,0,0.5003724,0
2421,0,0.5002878,0
2422,0,0.58082765,0
2423,0,0.555586,0
2424,0,0.72700745,1
2425,0,0.64131004,1
2426,0,0.71651626,1
2427,0,0.53245556,0
2428,0,0.5000219,0
2429,0,0.5002663,0
2430,0,0.5195061,0
2431,0,0.5048255,0
2432,1,0.72894126,1
2433,0,0.50013876,0
2434,0,0.728362,1
2435,1,0.71353143,1
2436,0,0.50127983,0
2437,0,0.7119319,1
2438,0,0.7301937,1
2439,0,0.5852197,0
2440,0,0.50419605,0
2441,0,0.5001303,0
2442,1,0.7216451,1
2443,0,0.50370973,0
2444,1,0.723993,1
2445,0,0.6493563,1
2446,0,0.7256486,1
2447,0,0.5758862,0
2448,0,0.72535694,1
2449,0,0.5083839,0
2450,0,0.5001706,0
2451,0,0.6991517,1
2452,0,0.68909645,1
2453,0,0.5151016,0
2454,0,0.57397693,0
2455,0,0.5013838,0
2456,0,0.5013256,0
2457,0,0.72193927,1
2458,0,0.7060891,1
2459,1,0.71233225,1
2460,0,0.5003431,0
2461,0,0.54171187,0
2462,0,0.51979554,0
2463,0,0.5081017,0
2464,0,0.59596294,0
2465,0,0.7191864,1
2466,0,0.50034714,0
2467,0,0.5025139,0
2468,0,0.7279754,1
2469,0,0.5076822,0
2470,0,0.500618,0
2471,0,0.5006037,0
2472,0,0.50105,0
2473,0,0.5001334,0
2474,0,0.67661995,1
2475,0,0.5025139,0
2476,0,0.5001366,0
2477,0,0.5740963,0
2478,0,0.5001259,0
2479,0,0.52768165,0
2480,0,0.500136,0
2481,0,0.5274991,0
2482,0,0.51077867,0
2483,0,0.6939917,1
2484,1,0.6974029,1
2485,0,0.7287483,1
2486,0,0.6878397,1
2487,0,0.5005946,0
2488,0,0.50788814,0
2489,0,0.50992453,0
2490,0,0.5012903,0
2491,0,0.53992337,0
2492,0,0.5026321,0
2493,0,0.55531466,0
2494,0,0.50055647,0
2495,0,0.5004873,0
2496,0,0.50032353,0
2497,0,0.5080102,0
2498,0,0.64422506,1
2499,0,0.5927255,0
2500,0,0.50140476,0
2501,0,0.5008278,0
2502,0,0.5008025,0
2503,0,0.52492744,0
2504,1,0.69904906,1
2505,0,0.5013199,0
2506,0,0.5044631,0
2507,0,0.51420975,0
2508,0,0.560824,0
2509,0,0.53619146,0
2510,0,0.66399586,1
2511,0,0.5019016,0
2512,0,0.51276886,0
2513,0,0.50187206,0
2514,0,0.5414998,0
2515,0,0.50009173,0
2516,0,0.5133254,0
2517,0,0.64924514,1
2518,0,0.72671664,1
2519,0,0.5025425,0
2520,0,0.50198364,0
2521,0,0.5064045,0
2522,0,0.50063276,0
2523,0,0.5025425,0
2524,0,0.7233095,1
2525,0,0.56505877,0
2526,0,0.5010748,0
2527,0,0.7308665,1
2528,0,0.5323036,0
2529,0,0.50000894,0
2530,0,0.70801073,1
2531,0,0.5995438,0
2532,0,0.5032558,0
2533,0,0.5006108,0
2534,0,0.7198762,1
2535,0,0.6959583,1
2536,0,0.50021994,0
2537,0,0.5013304,0
2538,0,0.51488054,0
2539,0,0.5656587,0
2540,0,0.5596511,0
2541,0,0.5020714,0
2542,0,0.50301355,0
2543,0,0.5049971,0
2544,0,0.59966093,0
2545,0,0.7040584,1
2546,0,0.7288448,1
2547,0,0.6897238,1
2548,0,0.72661966,1
2549,0,0.50043535,0
2550,0,0.50002295,0
2551,1,0.7255514,1
2552,0,0.50895596,0
2553,1,0.7304822,1
2554,0,0.5009341,0
2555,1,0.72661966,1
2556,0,0.722527,1
2557,0,0.5093297,0
2558,0,0.5195061,0
2559,0,0.51996315,0
2560,0,0.50148964,0
2561,0,0.5055082,0
2562,0,0.5014553,0
2563,0,0.71133065,1
2564,0,0.51667166,0
2565,0,0.5028,0
2566,0,0.50175285,0
2567,0,0.5001925,0
2568,1,0.7288448,1
2569,0,0.50034714,0
2570,0,0.6400736,1
2571,0,0.5009861,0
2572,0,0.7256486,1
2573,0,0.50072527,0
2574,0,0.7156228,1
2575,1,0.7280721,1
2576,0,0.5059125,0
2577,0,0.53758764,0
2578,0,0.5010414,0
2579,0,0.50477964,0
2580,0,0.6831025,1
2581,0,0.5032062,0
2582,0,0.5034351,0
2583,0,0.69853514,1
2584,0,0.52961314,0
2585,0,0.60632366,0
2586,0,0.6334103,1
2587,0,0.5018015,0
2588,0,0.5043601,0
2589,0,0.5013256,0
2590,0,0.5563694,0
2591,1,0.7295198,1
2592,0,0.5123266,0
2593,0,0.50222015,0
2594,0,0.50010973,0
2595,0,0.50689656,0
2596,0,0.5001956,0
2597,0,0.500262,0
2598,0,0.5405298,0
2599,0,0.504547,0
2600,0,0.72894126,1
2601,0,0.5022716,0
2602,0,0.54177254,0
2603,0,0.6861598,1
2604,0,0.52246106,0
2605,0,0.5008025,0
2606,0,0.5034751,0
2607,0,0.5033435,0
2608,0,0.5002835,0
2609,0,0.5017395,0
2610,0,0.5432268,0
2611,0,0.5094746,0
2612,0,0.5405904,0
2613,0,0.5390742,0
2614,0,0.52988684,0
2615,0,0.50414646,0
2616,0,0.7201715,1
2617,0,0.5034084,0
2618,0,0.5455279,0
2619,0,0.5032672,0
2620,1,0.7296161,1
2621,0,0.5111676,0
2622,1,0.72739494,1
2623,0,0.5322428,0
2624,1,0.7300975,1
2625,0,0.5001471,0
2626,0,0.5002003,0
2627,0,0.72787875,1
2628,0,0.50209427,0
2629,0,0.50965,0
2630,0,0.50012636,0
2631,0,0.50075674,0
2632,0,0.5126773,0
2633,0,0.7265227,1
2634,0,0.5005946,0
2635,0,0.5033836,0
2636,0,0.53458214,0
2637,0,0.50007117,0
2638,0,0.52511007,0
2639,0,0.50015783,0
2640,0,0.5012846,0
2641,0,0.72632855,1
2642,0,0.72894126,1
2643,0,0.5040855,0
2644,0,0.5019683,0
2645,0,0.50424564,0
2646,0,0.512258,0
2647,0,0.72787875,1
2648,0,0.50024724,0
2649,0,0.50355715,0
2650,0,0.72574586,1
2651,0,0.5097415,0
2652,0,0.500628,0
2653,0,0.5403479,0
2654,0,0.7305783,1
2655,0,0.5021038,0
2656,0,0.5053213,0
2657,0,0.5001987,0
2658,0,0.54516464,0
2659,0,0.50387186,0
2660,0,0.72115445,1
2661,1,0.7272012,1
2662,1,0.6992544,1
2663,0,0.5000965,0
2664,0,0.58930284,0
2665,0,0.5480386,0
2666,0,0.50017464,0
2667,0,0.5000186,0
2668,0,0.5959041,0
2669,0,0.54325706,0
2670,0,0.5008812,0
2671,0,0.7237002,1
2672,0,0.54398394,0
2673,0,0.6888872,1
2674,1,0.7195807,1
2675,0,0.50266266,0
2676,0,0.5316653,0
2677,0,0.5001483,0
2678,0,0.5627172,0
2679,0,0.500628,0
2680,0,0.6482437,1
2681,0,0.5018654,0
2682,0,0.50012195,0
2683,0,0.7261344,1
2684,0,0.5003512,0
2685,1,0.72574586,1
2686,0,0.72632855,1
2687,0,0.52340513,0
2688,0,0.72242916,1
2689,0,0.5000242,0
2690,0,0.51024485,0
2691,1,0.7071014,1
2692,0,0.5002216,0
2693,0,0.504753,0
2694,1,0.7306744,1
2695,0,0.7298087,1
2696,0,0.7280721,1
2697,0,0.69461346,1
2698,0,0.50042677,0
2699,0,0.7309625,1
2700,0,0.51703745,0
2701,0,0.5047072,0
2702,0,0.50314325,0
2703,0,0.5203745,0
2704,0,0.562537,0
2705,0,0.51400393,0
2706,0,0.5029678,0
2707,0,0.508689,0
2708,0,0.50046325,0
2709,0,0.5080559,0
2710,0,0.5376483,0
2711,0,0.71032697,1
2712,0,0.500252,0
2713,0,0.7294234,1
2714,0,0.5115946,0
2715,0,0.5042113,0
2716,0,0.51612294,0
2717,1,0.6997676,1
2718,0,0.7300975,1
2719,0,0.50242805,0
2720,0,0.62406445,1
2721,0,0.5022907,0
2722,0,0.72903776,1
2723,0,0.7288448,1
2724,0,0.6904547,1
2725,0,0.5009451,0
2726,0,0.50023687,0
2727,0,0.7303861,1
2728,0,0.5412573,0
2729,0,0.50498563,0
2730,0,0.50643885,0
2731,0,0.50073385,0
2732,0,0.50009465,0
2733,0,0.5012169,0
2734,0,0.72389543,1
2735,0,0.73077047,1
2736,0,0.50016475,0
2737,0,0.73077047,1
2738,0,0.6962682,1
2739,0,0.50181484,0
2740,0,0.5000186,0
2741,0,0.5628374,0
2742,0,0.6513549,1
2743,0,0.54228765,0
2744,0,0.50455844,0
2745,0,0.500854,0
2746,0,0.50172615,0
2747,0,0.6575384,1
2748,0,0.7301937,1
2749,1,0.72095805,1
2750,0,0.6206791,0
2751,0,0.50148964,0
2752,0,0.50013983,0
2753,0,0.5128603,0
2754,0,0.52971953,0
2755,0,0.51106846,0
2756,0,0.52506447,0
2757,0,0.6395109,1
2758,0,0.50011915,0
2759,0,0.50027037,0
2760,0,0.512746,0
2761,0,0.50016093,0
2762,0,0.50028896,0
2763,0,0.7305783,1
2764,0,0.7308665,1
2765,0,0.51239526,0
2766,0,0.72903776,1
2767,0,0.5050352,0
2768,0,0.5837373,0
2769,0,0.50073385,0
2770,0,0.5013199,0
2771,0,0.50060844,0
2772,0,0.62852144,1
2773,0,0.6992544,1
2774,0,0.5059239,0
2775,0,0.7232117,1
2776,0,0.5113811,0
2777,0,0.51026773,0
2778,0,0.5005188,0
2779,0,0.7295198,1
2780,0,0.5010214,0
2781,0,0.7276853,1
2782,0,0.51996315,0
2783,0,0.500864,0
2784,1,0.72845864,1
2785,0,0.5088187,0
2786,0,0.50029016,0
2787,0,0.52415115,0
2788,0,0.53321517,0
2789,1,0.729327,1
2790,1,0.7291342,1
2791,1,0.71849567,1
2792,0,0.53446066,0
2793,0,0.7252596,1
2794,0,0.50442874,0
2795,0,0.5053404,0
2796,0,0.5003431,0
2797,0,0.50067616,0
2798,0,0.7264256,1
2799,0,0.728362,1
2800,0,0.5092229,0
2801,0,0.69440633,1
2802,0,0.5021858,0
2803,0,0.5005784,0
2804,0,0.62566686,1
2805,0,0.5002992,0
2806,0,0.7119319,1
2807,0,0.50016475,0
2808,0,0.7126323,1
2809,0,0.5031814,0
2810,1,0.5867596,0
2811,0,0.5127917,0
2812,0,0.5714079,0
2813,0,0.7298087,1
2814,0,0.50058985,0
2815,0,0.7294234,1
2816,0,0.57821,0
2817,0,0.6070227,0
2818,0,0.5002868,0
2819,0,0.5033054,0
2820,0,0.5195823,0
2821,0,0.50207895,0
2822,0,0.50136185,0
2823,0,0.50376886,0
2824,0,0.5001298,0
2825,0,0.5792219,0
2826,0,0.5007963,0
2827,0,0.51845473,0
2828,0,0.50352854,0
2829,0,0.5115946,0
2830,0,0.5022545,0
2831,0,0.50390047,0
2832,0,0.55615854,0
2833,0,0.62658125,1
2834,0,0.72903776,1
2835,0,0.7129322,1
2836,0,0.50008065,0
2837,1,0.691289,1
2838,0,0.5006814,0
2839,0,0.50044894,0
2840,0,0.50025105,0
2841,0,0.51465946,0
2842,0,0.5012846,0
2843,0,0.50437915,0
2844,1,0.7277821,1
2845,0,0.5000442,0
2846,0,0.5364647,0
2847,0,0.5231158,0
2848,0,0.5159248,0
2849,0,0.50118446,0
2850,0,0.695338,1
2851,0,0.70304,1
2852,0,0.63193506,1
2853,0,0.55573666,0
2854,0,0.5058095,0
2855,0,0.5157266,0
2856,0,0.50352854,0
2857,0,0.5007539,0
2858,0,0.5782696,0
2859,0,0.6508002,1
2860,0,0.60241246,0
2861,0,0.5003638,0
2862,0,0.5000304,0
2863,0,0.65522575,1
2864,0,0.50731224,0
2865,1,0.69966495,1
2866,1,0.63307005,1
2867,0,0.56403846,0
2868,0,0.5008025,0
2869,0,0.7208598,1
2870,0,0.5000668,0
2871,0,0.5130052,0
2872,0,0.50137806,0
2873,0,0.50008786,0
2874,0,0.725065,1
2875,0,0.5450436,0
2876,0,0.50350183,0
2877,0,0.5042609,0
2878,0,0.5920181,0
2879,0,0.50127983,0
2880,0,0.68246794,1
2881,0,0.7279754,1
2882,1,0.7221353,1
2883,0,0.50074816,0
2884,0,0.57451415,0
2885,0,0.5110837,0
2886,0,0.50153065,0
2887,0,0.51327205,0
2888,0,0.728362,1
2889,0,0.5003886,0
2890,1,0.7277821,1
2891,0,0.50614136,0
2892,0,0.6215983,0
2893,0,0.50039935,0
2894,0,0.67683357,1
2895,0,0.5042609,0
2896,0,0.5032425,0
2897,0,0.5632578,0
2898,0,0.50646555,0
2899,0,0.50066566,0
2900,0,0.71393055,1
2901,0,0.5233594,0
2902,0,0.5032672,0
2903,0,0.53640395,0
2904,0,0.5000425,0
2905,0,0.5063893,0
2906,0,0.5485526,0
2907,0,0.65698844,1
2908,0,0.62498045,1
2909,0,0.5807682,0
2910,0,0.5001874,0
2911,0,0.5807682,0
2912,0,0.5009637,0
2913,0,0.52299404,0
2914,0,0.50114346,0
2915,0,0.5013838,0
2916,0,0.67928505,1
2917,0,0.54997295,0
2918,0,0.51315004,0
2919,0,0.53193885,0
2920,0,0.5186833,0
2921,0,0.53002363,0
2922,1,0.7264256,1
2923,0,0.5431359,0
2924,1,0.7306744,1
2925,0,0.54274213,0
2926,0,0.50429523,0
2927,0,0.50000876,0
2928,0,0.725065,1
2929,0,0.5002322,0
2930,0,0.5030727,0
2931,1,0.7279754,1
2932,0,0.5152083,0
2933,0,0.682891,1
2934,0,0.7248703,1
2935,0,0.6679062,1
2936,1,0.7193836,1
2937,0,0.50880337,0
2938,0,0.5255058,0
2939,0,0.597784,0
2940,0,0.50214386,0
2941,0,0.5028,0
2942,0,0.72845864,1
2943,0,0.72661966,1
2944,0,0.50630534,0
2945,1,0.7301937,1
2946,0,0.6137576,0
2947,0,0.50241846,0
2948,0,0.5020714,0
2949,1,0.69616497,1
2950,0,0.58563447,0
2951,0,0.5009341,0
2952,0,0.6205641,0
2953,0,0.5075106,0
2954,0,0.5006404,0
2955,0,0.7297124,1
2956,0,0.5405904,0
2957,0,0.50015354,0
2958,0,0.5056455,0
2959,0,0.59030694,0
2960,0,0.6683393,1
2961,0,0.502203,0
2962,0,0.5176623,0
2963,0,0.5140801,0
2964,0,0.6004227,0
2965,0,0.5103821,0
2966,0,0.5646987,0
2967,0,0.50081825,0
2968,0,0.515437,0
2969,0,0.6970936,1
2970,0,0.501029,0
2971,0,0.72282064,1
2972,0,0.5001489,0
2973,0,0.51322633,0
2974,0,0.5065876,0
2975,0,0.7129322,1
2976,0,0.54649615,0
2977,0,0.72632855,1
2978,0,0.7050748,1
2979,0,0.50501615,0
2980,0,0.50015235,0
2981,0,0.7242856,1
2982,0,0.5125325,0
2983,0,0.50025296,0
2984,1,0.7193836,1
2985,0,0.7285552,1
2986,0,0.50153637,0
2987,0,0.728362,1
2988,0,0.5211513,0
2989,0,0.5008278,0
2990,0,0.52051157,0
2991,0,0.5706305,0
2992,0,0.50023043,0
2993,0,0.67405045,1
2994,0,0.5001726,0
2995,0,0.5237705,0
2996,0,0.5002314,0
2997,0,0.5008707,0
2998,0,0.53713244,0
2999,1,0.7298087,1
3000,0,0.50056314,0
3001,0,0.5085441,0
3002,0,0.71582144,1
3003,0,0.5156047,0
3004,1,0.6349961,1
3005,0,0.50781184,0
3006,0,0.72603726,1
3007,0,0.6779006,1
3008,1,0.72758853,1
3009,0,0.54355997,0
3010,0,0.5017662,0
3011,0,0.7272012,1
3012,0,0.52991724,0
3013,0,0.5057675,0
3014,0,0.56535876,0
3015,0,0.5066372,0
3016,0,0.50151825,0
3017,0,0.517007,0
3018,0,0.7162186,1
3019,1,0.7166154,1
3020,0,0.50023866,0
3021,0,0.5002034,0
3022,0,0.50010806,0
3023,0,0.5084144,0
3024,0,0.50216866,0
3025,0,0.56997234,0
3026,0,0.7180016,1
3027,0,0.5033435,0
3028,0,0.7078088,1
3029,0,0.64332926,1
3030,0,0.5023346,0
3031,1,0.72632855,1
3032,0,0.5064045,0
3033,0,0.69987017,1
3034,0,0.70932126,1
3035,0,0.5009861,0
3036,0,0.72903776,1
3037,1,0.7272012,1
3038,0,0.50099754,0
3039,0,0.7304822,1
3040,0,0.50424564,0
3041,0,0.71839684,1
3042,1,0.7294234,1
3043,0,0.5143393,0
3044,0,0.5094517,0
3045,0,0.60428214,0
3046,0,0.5001205,0
3047,0,0.5015907,0
3048,0,0.5176928,0
3049,0,0.50249285,0
3050,0,0.52014595,0
3051,0,0.50115204,0
3052,0,0.6521306,1
3053,0,0.7050748,1
3054,0,0.50063276,0
3055,0,0.502264,0
3056,0,0.5010538,0
3057,1,0.729327,1
3058,0,0.5699125,0
3059,1,0.7261344,1
3060,0,0.5015125,0
3061,0,0.5021534,0
3062,0,0.50119305,0
3063,0,0.50216866,0
3064,0,0.50007343,0
3065,0,0.5004437,0
3066,0,0.5004089,0
3067,0,0.5051306,0
3068,0,0.67319167,1
3069,0,0.50023043,0
3070,0,0.50018597,0
3071,1,0.72671664,1
3072,0,0.72036827,1
3073,0,0.50039935,0
3074,0,0.5939626,0
3075,0,0.50608414,0
3076,0,0.5010376,0
3077,1,0.72894126,1
3078,0,0.729327,1
3079,0,0.5973143,0
3080,0,0.7132319,1
3081,0,0.50151825,0
3082,0,0.502592,0
3083,0,0.5044974,0
3084,0,0.61578125,0
3085,0,0.50068665,0
3086,0,0.53309363,0
3087,0,0.5020714,0
3088,0,0.5083839,0
3089,0,0.50361246,0
3090,0,0.50105,0
3091,0,0.5046805,0
3092,0,0.5018511,0
3093,0,0.5006633,0
3094,0,0.50017464,0
3095,0,0.67329913,1
3096,0,0.6354487,1
3097,0,0.50084066,0
3098,0,0.515376,0
3099,0,0.5001817,0
3100,0,0.50025916,0
3101,0,0.54043883,0
3102,0,0.50577515,0
3103,0,0.50060606,0
3104,0,0.50101376,0
3105,0,0.6218854,0
3106,0,0.54955,0
3107,0,0.54543704,0
3108,0,0.728362,1
3109,0,0.5823723,0
3110,0,0.5427724,0
3111,0,0.5002868,0
3112,0,0.50099754,0
3113,0,0.58545667,0
3114,0,0.5030479,0
3115,0,0.7300975,1
3116,0,0.5028991,0
3117,0,0.50855935,0
3118,0,0.5047911,0
3119,0,0.51651925,0
3120,1,0.72066325,1
3121,0,0.52051157,0
3122,0,0.52660143,0
3123,0,0.7189892,1
3124,0,0.50144386,0
3125,1,0.7304822,1
3126,0,0.53031254,0
3127,0,0.5077546,0
3128,1,0.72700745,1
3129,0,0.50015783,0
3130,0,0.5301301,0
3131,0,0.50042033,0
3132,0,0.5001726,0
3133,0,0.7300975,1
3134,0,0.6992544,1
3135,0,0.5351592,0
3136,0,0.6543428,1
3137,0,0.5020714,0
3138,0,0.51312715,0
3139,0,0.5005741,0
3140,0,0.5016279,0
3141,0,0.5004058,0
3142,0,0.5000572,0
3143,0,0.7180016,1
3144,0,0.51604676,0
3145,0,0.5664383,0
3146,0,0.6880493,1
3147,0,0.500731,0
3148,0,0.6977119,1
3149,0,0.7261344,1
3150,0,0.5008311,0
3151,0,0.6981237,1
3152,0,0.69637144,1
3153,0,0.73077047,1
3154,0,0.5014324,0
3155,0,0.7287483,1
3156,0,0.50084066,0
3157,1,0.72845864,1
3158,0,0.64052343,1
3159,0,0.7300013,1
3160,0,0.50005585,0
3161,0,0.5005126,0
3162,0,0.50300217,0
3163,0,0.5016155,0
3164,0,0.50067854,0
3165,0,0.5030479,0
3166,0,0.5008087,0
3167,0,0.50261307,0
3168,0,0.500304,0
3169,0,0.572185,0
3170,0,0.5241207,0
3171,0,0.509528,0
3172,0,0.694199,1
3173,0,0.5136685,0
3174,0,0.5151016,0
3175,0,0.50105,0
3176,0,0.5298716,0
3177,0,0.5093144,0
3178,0,0.7089184,1
3179,0,0.7306744,1
3180,0,0.50301355,0
3181,0,0.5055196,0
3182,0,0.50035954,0
3183,0,0.66093874,1
3184,0,0.54897577,0
3185,1,0.7237002,1
3186,0,0.5002042,0
3187,1,0.7235049,1
3188,0,0.505943,0
3189,0,0.50015116,0
3190,0,0.5341265,0
3191,0,0.50029135,0
3192,0,0.5574238,0
3193,0,0.5049589,0
3194,0,0.7246755,1
3195,0,0.691289,1
3196,0,0.50025415,0
3197,0,0.5012121,0
3198,0,0.52381617,0
3199,0,0.50025606,0
3200,0,0.5801142,0
3201,0,0.6094661,0
3202,0,0.5121436,0
3203,0,0.5003681,0
3204,0,0.5014496,0
3205,0,0.512258,0
3206,0,0.5390439,0
3207,0,0.5060002,0
3208,0,0.7212526,1
3209,0,0.5003526,0
3210,0,0.7301937,1
3211,0,0.6003055,0
3212,0,0.53306323,0
3213,0,0.72036827,1
3214,0,0.5004318,0
3215,0,0.5056684,0
3216,0,0.72700745,1
3217,0,0.5129594,0
3218,0,0.50131035,0
3219,0,0.7295198,1
3220,0,0.7240906,1
3221,0,0.6737286,1
3222,0,0.5024643,0
3223,0,0.50266266,0
3224,0,0.50403965,0
3225,0,0.50088453,0
3226,0,0.57892436,0
3227,0,0.50038576,0
3228,1,0.72535694,1
3229,0,0.50486356,0
3230,0,0.5529924,0
3231,0,0.5022812,0
3232,0,0.50352854,0
3233,0,0.50319284,0
3234,0,0.5004854,0
3235,0,0.5616356,0
3236,0,0.51651925,0
3237,0,0.5123723,0
3238,1,0.72758853,1
3239,0,0.67437226,1
3240,0,0.5030479,0
3241,0,0.54788744,0
3242,0,0.5004058,0
3243,0,0.50998557,0
3244,0,0.500226,0
3245,0,0.7112304,1
3246,0,0.5024452,0
3247,0,0.507583,0
3248,0,0.50135136,0
3249,0,0.50414646,0
3250,0,0.50030875,0
3251,0,0.5015421,0
3252,0,0.5301301,0
3253,0,0.5280771,0
3254,0,0.5001774,0
3255,0,0.52501875,0
3256,0,0.5118996,0
3257,0,0.70548075,1
3258,0,0.59425694,0
3259,0,0.51036686,0
3260,0,0.7136312,1
3261,0,0.5024643,0
3262,0,0.50148964,0
3263,0,0.7291342,1
3264,0,0.5874107,0
3265,0,0.50019336,0
3266,0,0.50197595,0
3267,0,0.5000914,0
3268,0,0.5019913,0
3269,0,0.5002935,0
3270,0,0.6995624,1
3271,0,0.72671664,1
3272,0,0.5013838,0
3273,0,0.73077047,1
3274,0,0.50181484,0
3275,0,0.7295198,1
3276,0,0.5001713,0
3277,0,0.52876157,0
3278,0,0.52436423,0
3279,0,0.7236025,1
3280,0,0.5066524,0
3281,0,0.5033187,0
3282,0,0.5016861,0
3283,0,0.5733799,0
3284,0,0.73077047,1
3285,0,0.5013466,0
3286,0,0.51369894,0
3287,0,0.6714706,1
3288,0,0.5103287,0
3289,0,0.62658125,1
3290,1,0.7295198,1
3291,1,0.6802417,1
3292,0,0.52316153,0
3293,0,0.50095224,0
3294,0,0.5071101,0
3295,0,0.6991517,1
3296,0,0.5039291,0
3297,0,0.5009198,0
3298,0,0.50177383,0
3299,0,0.5000542,0
3300,0,0.502922,0
3301,0,0.500417,0
3302,0,0.603523,0
3303,0,0.5010872,0
3304,0,0.72787875,1
3305,0,0.50003135,0
3306,0,0.61207783,0
3307,0,0.5000695,0
3308,1,0.725843,1
3309,0,0.50049114,0
3310,0,0.50180817,0
3311,0,0.5280771,0
3312,0,0.5661984,0
3313,0,0.500257,0
3314,0,0.52506447,0
3315,0,0.7218412,1
3316,0,0.52541447,0
3317,0,0.50169945,0
3318,0,0.5021782,0
3319,0,0.50651515,0
3320,0,0.7306744,1
3321,0,0.5438022,0
3322,0,0.5021534,0
3323,1,0.6490227,1
3324,0,0.50032616,0
3325,0,0.5626572,0
3326,0,0.50074244,0
3327,0,0.72787875,1
3328,0,0.7160201,1
3329,0,0.55323374,0
3330,0,0.50039625,0
3331,0,0.7300975,1
3332,0,0.5022983,0
3333,0,0.5079492,0
3334,0,0.5002501,0
3335,0,0.503292,0
3336,0,0.7309625,1
3337,0,0.503725,0
3338,0,0.7297124,1
3339,0,0.5157266,0
3340,0,0.5694337,0
3341,0,0.5013304,0
3342,0,0.50007695,0
3343,1,0.7306744,1
3344,0,0.5167022,0
3345,0,0.50605744,0
3346,0,0.50117016,0
3347,0,0.509017,0
3348,0,0.5006709,0
3349,0,0.7276853,1
3350,0,0.5384675,0
3351,0,0.50049305,0
3352,0,0.5002003,0
3353,0,0.64857763,1
3354,0,0.50024056,0
3355,0,0.50746864,0
3356,0,0.53108776,0
3357,0,0.50402445,0
3358,0,0.5086737,0
3359,0,0.5004873,0
3360,0,0.50114346,0
3361,1,0.729327,1
3362,0,0.5343695,0
3363,0,0.5083687,0
3364,0,0.51936895,0
3365,0,0.7240906,1
3366,1,0.70395666,1
3367,0,0.5001273,0
3368,0,0.7291342,1
3369,0,0.5548926,0
3370,1,0.728362,1
3371,0,0.5559175,0
3372,0,0.6589664,1
3373,0,0.5280771,0
3374,0,0.7220373,1
3375,0,0.5400144,0
3376,0,0.70952255,1
3377,0,0.5000235,0
3378,0,0.50577515,0
3379,0,0.50177383,0
3380,0,0.5158943,0
3381,0,0.5000546,0
3382,0,0.7248703,1
3383,0,0.7153245,1
3384,0,0.5044097,0
3385,0,0.52768165,0
3386,0,0.5007224,0
3387,0,0.50376886,0
3388,0,0.503292,0
3389,0,0.500371,0
3390,0,0.630685,1
3391,0,0.5630776,0
3392,0,0.54237854,0
3393,0,0.5184091,0
3394,0,0.54537654,0
3395,0,0.52725565,0
3396,0,0.58023316,0
3397,0,0.50025296,0
3398,0,0.5043944,0
3399,0,0.677474,1
3400,0,0.5067516,0
3401,0,0.50007343,0
3402,1,0.72990495,1
3403,1,0.713731,1
3404,0,0.5004873,0
3405,0,0.729327,1
3406,0,0.5001471,0
3407,0,0.5002115,0
3408,1,0.7285552,1
3409,0,0.55290186,0
3410,0,0.70150864,1
3411,0,0.50049496,0
3412,0,0.6096985,0
3413,0,0.7308665,1
3414,0,0.50300217,0
3415,0,0.5009451,0
3416,0,0.5018225,0
3417,0,0.5005946,0
3418,0,0.5694337,0
3419,0,0.50021994,0
3420,0,0.56637836,0
3421,0,0.5990161,0
3422,0,0.5000794,0
3423,0,0.5549831,0
3424,0,0.6722241,1
3425,0,0.5003903,0
3426,0,0.55799586,0
3427,1,0.725065,1
3428,0,0.5000658,0
3429,0,0.50373834,0
3430,0,0.50027895,0
3431,0,0.5121436,0
3432,0,0.6907677,1
3433,0,0.50469196,0
3434,0,0.52609926,0
3435,0,0.5000146,0
3436,0,0.6681228,1
3437,0,0.51112944,0
3438,0,0.72903776,1
3439,0,0.5657786,0
3440,1,0.55932015,0
3441,1,0.614394,0
3442,0,0.5003016,0
3443,1,0.7292306,1
3444,0,0.50034857,0
3445,0,0.5195518,0
3446,0,0.50003064,0
3447,0,0.51706797,0
3448,1,0.7282654,1
3449,0,0.5000684,0
3450,0,0.5055196,0
3451,0,0.7122322,1
3452,0,0.72990495,1
3453,0,0.66747284,1
3454,0,0.729327,1
3455,0,0.73028994,1
3456,0,0.54225737,0
3457,1,0.7282654,1
3458,0,0.5142631,0
3459,0,0.50115204,0
3460,0,0.7112304,1
3461,0,0.7295198,1
3462,0,0.7204666,1
3463,0,0.50008,0
3464,0,0.6481324,1
3465,0,0.72865176,1
3466,0,0.68836373,1
3467,0,0.7150262,1
3468,0,0.54988235,0
3469,0,0.5000992,0
3470,0,0.51170135,0
3471,0,0.50784236,0
3472,0,0.5049589,0
3473,0,0.500628,0
3474,0,0.5142402,0
3475,0,0.51491106,0
3476,0,0.6092336,0
3477,0,0.502758,0
3478,0,0.72749174,1
3479,0,0.503826,0
3480,0,0.5008707,0
3481,0,0.50042844,0
3482,1,0.7285552,1
3483,0,0.72545415,1
3484,0,0.7300975,1
3485,0,0.5019169,0
3486,0,0.52316153,0
3487,1,0.72739494,1
3488,0,0.5027466,0
3489,0,0.72990495,1
3490,0,0.70679796,1
3491,0,0.5019169,0
3492,0,0.70212173,1
3493,0,0.50271416,0
3494,1,0.7255514,1
3495,0,0.50870425,0
3496,0,0.5015726,0
3497,0,0.5202221,0
3498,0,0.54988235,0
3499,0,0.5318173,0
3500,1,0.6662797,1
3501,0,0.6383846,1
3502,0,0.5196432,0
3503,0,0.63238925,1
3504,0,0.50156593,0
3505,0,0.50266266,0
3506,0,0.57540905,0
3507,0,0.633637,1
3508,0,0.7291342,1
3509,0,0.50100994,0
3510,0,0.5093449,0
3511,0,0.53543246,0
3512,0,0.5193385,0
3513,0,0.50118923,0
3514,0,0.504856,0
3515,1,0.7079098,1
3516,0,0.70456684,1
3517,0,0.5492478,0
3518,0,0.582016,0
3519,0,0.5005007,0
3520,0,0.52390754,0
3521,0,0.53312397,0
3522,0,0.5133483,0
3523,0,0.5424997,0
3524,0,0.5007901,0
3525,0,0.5005436,0
3526,0,0.50875,0
3527,0,0.7079098,1
3528,0,0.6924341,1
3529,0,0.5144232,0
3530,0,0.56124485,0
3531,0,0.5065266,0
3532,0,0.520999,0
3533,0,0.50211906,0
3534,0,0.5048369,0
3535,0,0.5035438,0
3536,0,0.5000217,0
3537,0,0.506271,0
3538,0,0.50068426,0
3539,0,0.7280721,1
3540,0,0.7240906,1
3541,0,0.7298087,1
3542,0,0.5330025,0
3543,0,0.7090191,1
3544,0,0.5007992,0
3545,0,0.5144461,0
3546,0,0.50007814,0
3547,0,0.5071635,0
3548,0,0.7133318,1
3549,0,0.5798763,0
3550,0,0.72990495,1
3551,0,0.55871826,0
3552,0,0.50144386,0
3553,1,0.7300013,1
3554,0,0.5049475,0
3555,0,0.5010376,0
3556,0,0.5000254,0
3557,0,0.72865176,1
3558,0,0.5010538,0
3559,1,0.5019312,0
3560,0,0.5000623,0
3561,0,0.6703925,1
3562,0,0.5210295,0
3563,0,0.72903776,1
3564,0,0.5005994,0
3565,0,0.512441,0
3566,0,0.7251623,1
3567,0,0.5019607,0
3568,0,0.52971953,0
3569,0,0.5263732,0
3570,0,0.66115755,1
3571,0,0.50018454,0
3572,0,0.72845864,1
3573,0,0.5263732,0
3574,0,0.60474914,0
3575,0,0.53786075,0
3576,0,0.50144386,0
3577,0,0.60276324,0
3578,0,0.60264635,0
3579,0,0.5050619,0
3580,0,0.5061985,0
3581,0,0.6147988,0
3582,0,0.620909,0
3583,1,0.72990495,1
3584,0,0.5682361,0
3585,0,0.72671664,1
3586,0,0.50179386,0
3587,0,0.50032234,0
3588,0,0.7272012,1
3589,0,0.5000517,0
3590,1,0.7291342,1
3591,0,0.5000658,0
3592,0,0.7276853,1
3593,1,0.7244806,1
3594,0,0.512746,0
3595,0,0.5004668,0
3596,0,0.50197595,0
3597,0,0.5002947,0
3598,0,0.54265124,0
3599,0,0.5079339,0
3600,0,0.5002434,0
3601,0,0.50041866,0
3602,0,0.5257341,0
3603,0,0.5019016,0
3604,0,0.5006976,0
3605,0,0.72749174,1
3606,0,0.50625956,0
3607,0,0.7308665,1
3608,0,0.7297124,1
3609,0,0.50143814,0
3610,0,0.5018368,0
3611,0,0.60603225,0
3612,0,0.5812437,0
3613,0,0.520999,0
3614,1,0.7300975,1
3615,0,0.5029449,0
3616,0,0.50907034,0
3617,0,0.72623146,1
3618,0,0.50073385,0
3619,0,0.50522214,0
3620,0,0.72594017,1
3621,0,0.54274213,0
3622,0,0.5395898,0
3623,1,0.729327,1
3624,1,0.7294234,1
3625,0,0.53582716,0
3626,0,0.71412987,1
3627,0,0.50064516,0
3628,0,0.63725656,1
3629,0,0.5262819,0
3630,0,0.69461346,1
3631,0,0.7272981,1
3632,0,0.50463474,0
3633,0,0.6594051,1
3634,0,0.7279754,1
3635,0,0.72661966,1
3636,0,0.50418085,0
3637,0,0.7156228,1
3638,0,0.5014725,0
3639,0,0.5006404,0
3640,0,0.55769473,0
3641,1,0.7304822,1
3642,0,0.5097415,0
3643,0,0.70354944,1
3644,0,0.72990495,1
3645,0,0.5643386,0
3646,1,0.7151257,1
3647,0,0.5016222,0
3648,1,0.729327,1
3649,0,0.5010452,0
3650,0,0.72990495,1
3651,0,0.7296161,1
3652,0,0.5081017,0
3653,0,0.6239499,1
3654,1,0.7277821,1
3655,0,0.7128323,1
3656,0,0.50179386,0
3657,0,0.5049475,0
3658,0,0.55983156,0
3659,0,0.50390047,0
3660,0,0.7301937,1
3661,0,0.5121436,0
3662,0,0.50575614,0
3663,1,0.72026986,1
3664,0,0.50507337,0
3665,0,0.5010376,0
3666,1,0.72700745,1
3667,0,0.7261344,1
3668,0,0.5018015,0
3669,0,0.504444,0
3670,0,0.7190878,1
3671,0,0.52307016,0
3672,0,0.50403965,0
3673,0,0.5004525,0
3674,0,0.64467263,1
3675,0,0.7301937,1
3676,0,0.50068426,0
3677,0,0.50197595,0
3678,0,0.5007367,0
3679,1,0.7301937,1
3680,0,0.5464659,0
3681,0,0.5307534,0
3682,0,0.7052778,1
3683,0,0.7285552,1
3684,0,0.503725,0
3685,0,0.5021286,0
3686,0,0.53640395,0
3687,0,0.5111447,0
3688,0,0.5526906,0
3689,0,0.6302299,1
3690,0,0.73077047,1
3691,0,0.5077852,0
3692,0,0.5017872,0
3693,0,0.50394434,0
3694,0,0.50129986,0
3695,0,0.500039,0
3696,0,0.7232117,1
3697,0,0.5487944,0
3698,0,0.52632755,0
3699,0,0.5051802,0
3700,0,0.51601624,0
3701,0,0.540651,0
3702,0,0.5429844,0
3703,0,0.55733335,0
3704,0,0.5023079,0
3705,0,0.50194645,0
3706,0,0.65951484,1
3707,0,0.5000832,0
3708,0,0.50697666,0
3709,0,0.5958454,0
3710,0,0.7218412,1
3711,0,0.64556694,1
3712,0,0.50181484,0
3713,0,0.5016794,0
3714,0,0.50549674,0
3715,0,0.50232506,0
3716,0,0.5007224,0
3717,0,0.5001224,0
3718,1,0.7296161,1
3719,0,0.5329417,0
3720,1,0.71790266,1
3721,0,0.502737,0
3722,0,0.5100618,0
3723,0,0.5278337,0
3724,0,0.54958016,0
3725,0,0.50279045,0
3726,1,0.7287483,1
3727,0,0.5221565,0
3728,0,0.7287483,1
3729,0,0.50863564,0
3730,0,0.53108776,0
3731,0,0.7265227,1
3732,0,0.7295198,1
3733,1,0.72632855,1
3734,0,0.5027466,0
3735,0,0.72691053,1
3736,1,0.73077047,1
3737,0,0.50197595,0
3738,0,0.6106276,0
3739,1,0.6737286,1
3740,0,0.5010824,0
3741,0,0.5298108,0
3742,0,0.500628,0
3743,0,0.50674015,0
3744,1,0.7300013,1
3745,0,0.679923,1
3746,0,0.713132,1
3747,0,0.5124867,0
3748,0,0.501461,0
3749,0,0.50271416,0
3750,1,0.7213508,1
3751,0,0.50016606,0
3752,0,0.55275095,0
3753,0,0.73028994,1
3754,0,0.50211143,0
3755,0,0.53695035,0
3756,0,0.62658125,1
3757,0,0.51805854,0
3758,0,0.5042113,0
3759,0,0.5002992,0
3760,0,0.5022812,0
3761,0,0.50279045,0
3762,0,0.5002123,0
3763,1,0.72632855,1
3764,0,0.5849233,0
3765,0,0.52436423,0
3766,0,0.5031814,0
3767,0,0.5785672,0
3768,0,0.5316045,0
3769,0,0.51586384,0
3770,0,0.50007516,0
3771,0,0.63091236,1
3772,0,0.5662584,0
3773,0,0.5147205,0
3774,0,0.56118476,0
3775,0,0.72661966,1
3776,0,0.5000658,0
3777,0,0.7306744,1
3778,0,0.5016279,0
3779,0,0.55048656,0
3780,0,0.50123596,0
3781,1,0.7222333,1
3782,0,0.5119225,0
3783,0,0.648355,1
3784,0,0.5092229,0
3785,0,0.50201607,0
3786,1,0.71582144,1
3787,0,0.71472764,1
3788,0,0.5013199,0
3789,0,0.502573,0
3790,0,0.5061185,0
3791,0,0.5672775,0
3792,0,0.501647,0
3793,0,0.50180817,0
3794,0,0.7295198,1
3795,0,0.5134703,0
3796,0,0.57511085,0
3797,0,0.61981654,0
3798,0,0.6649755,1
3799,0,0.5147967,0
3800,0,0.54897577,0
3801,0,0.5005412,0
3802,0,0.50036097,0
3803,0,0.6513549,1
3804,0,0.5007224,0
3805,1,0.725843,1
3806,0,0.6425446,1
3807,1,0.72661966,1
3808,0,0.6054492,0
3809,0,0.5040855,0
3810,0,0.50005674,0
3811,0,0.5003526,0
3812,0,0.71383077,1
3813,0,0.73028994,1
3814,0,0.7212526,1
3815,0,0.51067954,0
3816,1,0.728362,1
3817,0,0.55510366,0
3818,0,0.5153227,0
3819,1,0.7298087,1
3820,0,0.50442874,0
3821,0,0.500618,0
3822,0,0.5119835,0
3823,0,0.50555015,0
3824,0,0.500055,0
3825,0,0.50936776,0
3826,0,0.5000521,0
3827,0,0.50022423,0
3828,0,0.5005269,0
3829,0,0.65885663,1
3830,0,0.50041056,0
3831,0,0.50058985,0
3832,0,0.51262397,0
3833,1,0.7292306,1
3834,0,0.5006528,0
3835,0,0.5026531,0
3836,0,0.52555144,0
3837,1,0.7277821,1
3838,0,0.5050352,0
3839,0,0.54737335,0
3840,0,0.5001196,0
3841,1,0.7241881,1
3842,0,0.5538673,0
3843,0,0.50028896,0
3844,0,0.5005479,0
3845,0,0.5551639,0
3846,0,0.5000283,0
3847,0,0.5000886,0
3848,0,0.5849233,0
3849,0,0.50402445,0
3850,0,0.5074801,0
3851,0,0.50799495,0
3852,0,0.5022297,0
3853,0,0.5182871,0
3854,0,0.5376483,0
3855,1,0.64579034,1
3856,0,0.50558066,0
3857,0,0.72894126,1
3858,0,0.5001303,0
3859,0,0.7294234,1
3860,0,0.7309625,1
3861,0,0.72603726,1
3862,0,0.624866,1
3863,0,0.7190878,1
3864,0,0.52040493,0
3865,0,0.50001615,0
3866,0,0.70324385,1
3867,0,0.5002878,0
3868,0,0.5017462,0
3869,0,0.5140801,0
3870,1,0.71977776,1
3871,0,0.58100593,0
3872,1,0.7297124,1
3873,0,0.5002737,0
3874,0,0.69357675,1
3875,0,0.73028994,1
3876,0,0.71243227,1
3877,0,0.5001201,0
3878,0,0.67661995,1
3879,0,0.56355816,0
3880,0,0.50179386,0
3881,0,0.54213613,0
3882,0,0.5000832,0
3883,0,0.5002725,0
3884,0,0.5002415,0
3885,0,0.5044974,0
3886,0,0.5015974,0
3887,0,0.5003979,0
3888,0,0.50190926,0
3889,0,0.7298087,1
3890,0,0.72574586,1
3891,0,0.6099889,0
3892,1,0.7301937,1
3893,0,0.5609743,0
3894,0,0.50012195,0
3895,0,0.50402445,0
3896,0,0.51682407,0
3897,1,0.72233117,1
3898,0,0.5147967,0
3899,0,0.5051039,0
3900,0,0.5147205,0
3901,0,0.5077279,0
3902,1,0.729327,1
3903,0,0.55603796,0
3904,0,0.5009713,0
3905,0,0.65390086,1
3906,0,0.50895596,0
3907,0,0.5002835,0
3908,1,0.7300013,1
3909,0,0.5260536,0
3910,0,0.526921,0
3911,0,0.65168744,1
3912,0,0.50015175,0
3913,0,0.502779,0
3914,0,0.50092316,0
3915,0,0.5023346,0
3916,0,0.5015602,0
3917,0,0.5151016,0
3918,1,0.72594017,1
3919,0,0.5192623,0
3920,0,0.50203896,0
3921,0,0.5009017,0
3922,0,0.68162084,1
3923,0,0.71102977,1
3924,0,0.5480386,0
3925,1,0.7163179,1
3926,0,0.55811626,0
3927,0,0.50024724,0
3928,0,0.5046996,0
3929,0,0.5060231,0
3930,0,0.5028,0
3931,0,0.50072527,0
3932,0,0.7297124,1
3933,0,0.51971936,0
3934,0,0.72594017,1
3935,0,0.5046271,0
3936,0,0.5009451,0
3937,0,0.72233117,1
3938,0,0.5117852,0
3939,0,0.5005312,0
3940,0,0.5978427,0
3941,0,0.7084144,1
3942,0,0.7300975,1
3943,0,0.5106185,0
3944,0,0.6645403,1
3945,0,0.5485828,0
3946,0,0.5025139,0
3947,0,0.50014937,0
3948,0,0.5074267,0
3949,0,0.5004723,0
3950,0,0.582016,0
3951,0,0.5000054,0
3952,0,0.5236031,0
3953,0,0.6345433,1
3954,0,0.50998557,0
3955,0,0.5017128,0
3956,0,0.52754474,0
3957,0,0.5136685,0
3958,0,0.50024724,0
3959,0,0.502264,0
3960,0,0.5316045,0
3961,1,0.7292306,1
3962,0,0.50111675,0
3963,0,0.502409,0
3964,0,0.58788395,0
3965,0,0.5459515,0
3966,0,0.5558572,0
3967,0,0.55066776,0
3968,0,0.5030841,0
3969,0,0.6677979,1
3970,0,0.72233117,1
3971,1,0.72787875,1
3972,0,0.5081322,0
3973,0,0.51854616,0
3974,0,0.6762993,1
3975,0,0.5129137,0
3976,1,0.71849567,1
3977,0,0.5082848,0
3978,0,0.50009876,0
3979,0,0.51356936,0
3980,0,0.5125325,0
3981,0,0.5033702,0
3982,0,0.55163413,0
3983,1,0.5691942,0
3984,0,0.51837856,0
3985,0,0.5407117,0
3986,0,0.69564825,1
3987,1,0.72787875,1
3988,0,0.50016475,0
3989,0,0.5002173,0
3990,0,0.5004301,0
3991,0,0.50008416,0
3992,0,0.54334795,0
3993,0,0.5075525,0
3994,0,0.53111815,0
3995,0,0.51067954,0
3996,0,0.72758853,1
3997,0,0.7305783,1
3998,0,0.5389529,0
3999,0,0.7300975,1
4000,0,0.7247729,1
4001,0,0.64735246,1
4002,0,0.5654787,0
4003,0,0.5004301,0
4004,0,0.6723317,1
4005,0,0.62772304,1
4006,0,0.5139505,0
4007,0,0.5539879,0
4008,0,0.7287483,1
4009,0,0.5005126,0
4010,0,0.5063778,0
4011,0,0.5000618,0
4012,0,0.5483712,0
4013,0,0.5016413,0
4014,0,0.50878817,0
4015,0,0.50008,0
4016,0,0.5064503,0
4017,0,0.5031814,0
4018,0,0.63996106,1
4019,0,0.5113125,0
4020,0,0.5771379,0
4021,0,0.5009489,0
4022,0,0.5011797,0
4023,1,0.7232117,1
4024,0,0.5056913,0
4025,0,0.5033187,0
4026,0,0.6307987,1
4027,0,0.501029,0
4028,0,0.70079243,1
4029,1,0.7300013,1
4030,0,0.5511812,0
4031,0,0.72691053,1
4032,1,0.7308665,1
4033,0,0.50084734,0
4034,0,0.50012434,0
4035,1,0.7287483,1
4036,0,0.5101915,0
4037,0,0.7190878,1
4038,0,0.5002835,0
4039,0,0.5637983,0
4040,0,0.72301626,1
4041,0,0.53130054,0
4042,0,0.55886877,0
4043,0,0.500793,0
4044,0,0.70659554,1
4045,0,0.5004251,0
4046,0,0.5035705,0
4047,0,0.5482805,0
4048,0,0.51845473,0
4049,0,0.5000231,0
4050,0,0.5000517,0
4051,1,0.68331385,1
4052,1,0.702938,1
4053,0,0.7287483,1
4054,0,0.5000832,0
4055,0,0.5033321,0
4056,0,0.50143814,0
4057,0,0.50024056,0
4058,0,0.5440445,0
4059,0,0.7078088,1
4060,0,0.5010414,0
4061,0,0.5468289,0
4062,0,0.5012846,0
4063,0,0.503231,0
4064,0,0.5103059,0
4065,0,0.72894126,1
4066,1,0.7216451,1
4067,0,0.5083,0
4068,0,0.5048445,0
4069,0,0.5666781,0
4070,0,0.50820845,0
4071,0,0.6684475,1
4072,0,0.5005331,0
4073,1,0.7240906,1
4074,0,0.51546746,0
4075,0,0.5009899,0
4076,0,0.5341873,0
4077,0,0.5021782,0
4078,0,0.5000525,0
4079,0,0.50023866,0
4080,1,0.7297124,1
4081,0,0.72758853,1
4082,0,0.5088187,0
4083,0,0.50224686,0
4084,0,0.53561467,0
4085,0,0.7300975,1
4086,0,0.5079339,0
4087,0,0.50788814,0
4088,0,0.50115204,0
4089,0,0.50085735,0
4090,0,0.60130095,0
4091,1,0.72865176,1
4092,0,0.5000094,0
4093,0,0.5016794,0
4094,0,0.5004668,0
4095,0,0.690872,1
4096,0,0.500417,0
4097,0,0.7297124,1
4098,0,0.72903776,1
4099,0,0.604107,0
4100,0,0.5008812,0
4101,0,0.5015602,0
4102,0,0.52772725,0
4103,0,0.5020714,0
4104,1,0.6649755,1
4105,0,0.5024738,0
4106,0,0.500371,0
4107,1,0.7210562,1
4108,0,0.5074534,0
4109,0,0.5051802,0
4110,0,0.53339744,0
4111,0,0.7288448,1
4112,0,0.52623624,0
4113,0,0.5000723,0
4114,0,0.72739494,1
4115,0,0.5000862,0
4116,0,0.69750595,1
4117,0,0.7285552,1
4118,1,0.71472764,1
4119,1,0.7268136,1
4120,0,0.65445316,1
4121,0,0.50219536,0
4122,0,0.50015175,0
4123,0,0.5013256,0
4124,0,0.500091,0
4125,0,0.5033054,0
4126,0,0.6453435,1
4127,0,0.6137576,0
4128,0,0.50548536,0
4129,0,0.5091924,0
4130,0,0.73028994,1
4131,0,0.7296161,1
4132,0,0.5011349,0
4133,0,0.50403965,0
4134,0,0.5304949,0
4135,0,0.5061185,0
4136,0,0.5031318,0
4137,0,0.6435533,1
4138,0,0.50706816,0
4139,0,0.5054434,0
4140,0,0.5280771,0
4141,0,0.62142605,0
4142,0,0.5226286,0
4143,0,0.5016794,0
4144,0,0.5103287,0
4145,0,0.5325771,0
4146,0,0.50008124,0
4147,0,0.5159857,0
4148,0,0.5008311,0
4149,0,0.58752906,0
4150,0,0.6021201,0
4151,1,0.5055196,0
4152,0,0.5031681,0
4153,0,0.5481898,0
4154,0,0.53831583,0
4155,0,0.62050664,0
4156,0,0.504444,0
4157,0,0.7298087,1
4158,0,0.500401,0
4159,0,0.5025234,0
4160,0,0.5385282,0
4161,0,0.50517255,0
4162,0,0.729327,1
4163,0,0.58622676,0
4164,0,0.5134931,0
4165,0,0.5001173,0
4166,0,0.50005996,0
4167,0,0.5783887,0
4168,0,0.5014162,0
4169,0,0.6281794,1
4170,0,0.7112304,1
4171,0,0.50149536,0
4172,0,0.7300013,1
4173,0,0.5004835,0
4174,0,0.684053,1
4175,0,0.5215625,0
4176,0,0.50080585,0
4177,0,0.5004456,0
4178,0,0.5001366,0
4179,0,0.52971953,0
4180,0,0.50015235,0
4181,0,0.5004742,0
4182,0,0.7280721,1
4183,0,0.500525,0
4184,0,0.5006404,0
4185,0,0.6402986,1
4186,0,0.58646363,0
4187,0,0.5074114,0
4188,0,0.5007086,0
4189,0,0.6702846,1
4190,0,0.57164705,0
4191,0,0.7247729,1
4192,0,0.50543576,0
4193,0,0.5614553,0
4194,1,0.72671664,1
4195,0,0.5115717,0
4196,1,0.7163179,1
4197,0,0.729327,1
4198,0,0.515376,0
4199,0,0.5015125,0
4200,0,0.5006132,0
4201,0,0.52880716,0
4202,0,0.68162084,1
4203,0,0.59337366,0
4204,0,0.5010414,0
4205,0,0.5028,0
4206,0,0.5302061,0
4207,0,0.72632855,1
4208,0,0.7305783,1
4209,0,0.50087404,0
4210,0,0.500401,0
4211,0,0.62245935,1
4212,0,0.50033903,0
4213,0,0.50120735,0
4214,0,0.501647,0
4215,0,0.7296161,1
4216,0,0.5066143,0
4217,0,0.5004387,0
4218,0,0.5116175,0
4219,0,0.73028994,1
4220,0,0.51262397,0
4221,0,0.7242856,1
4222,0,0.5033702,0
4223,0,0.5095051,0
4224,0,0.5001089,0
4225,0,0.5104813,0
4226,0,0.5181195,0
4227,0,0.50035954,0
4228,0,0.70548075,1
4229,0,0.5124867,0
4230,0,0.54237854,0
4231,0,0.5005207,0
4232,0,0.54516464,0
4233,0,0.51196826,0
4234,0,0.50203896,0
4235,0,0.55368626,0
4236,0,0.5971381,0
4237,0,0.5003753,0
4238,0,0.55932015,0
4239,0,0.5016279,0
4240,0,0.50009763,0
4241,0,0.505615,0
4242,0,0.72903776,1
4243,0,0.7280721,1
4244,0,0.50092316,0
4245,0,0.54513437,0
4246,1,0.7294234,1
4247,0,0.50018096,0
4248,0,0.7297124,1
4249,0,0.62079406,0
4250,0,0.641647,1
4251,1,0.50414646,0
4252,0,0.7241881,1
4253,0,0.7300013,1
4254,0,0.7285552,1
4255,1,0.72233117,1
4256,0,0.50009614,0
4257,0,0.72076154,1
4258,0,0.50671345,0
4259,0,0.50242805,0
4260,0,0.5091924,0
4261,0,0.5404085,0
4262,0,0.7308665,1
4263,0,0.50390047,0
4264,0,0.5002148,0
4265,0,0.50006896,0
4266,0,0.50035954,0
4267,0,0.59337366,0
4268,0,0.51612294,0
4269,0,0.66909647,1
4270,0,0.5222631,0
4271,1,0.7199747,1
4272,0,0.5274534,0
4273,0,0.5027256,0
4274,0,0.5013199,0
4275,0,0.5221565,0
4276,0,0.5053938,0
4277,0,0.50117016,0
4278,0,0.5141335,0
4279,0,0.5009017,0
4280,0,0.5001173,0
4281,0,0.7130322,1
4282,0,0.5122808,0
4283,1,0.7187918,1
4284,0,0.5047339,0
4285,0,0.50008065,0
4286,0,0.7295198,1
4287,1,0.7240906,1
4288,0,0.72749174,1
4289,0,0.5003326,0
4290,0,0.51382095,0
4291,0,0.5000896,0
4292,0,0.72894126,1
4293,0,0.50007695,0
4294,0,0.50025606,0
4295,0,0.50004745,0
4296,0,0.7051763,1
4297,0,0.5010338,0
4298,0,0.50035954,0
4299,0,0.50006086,0
4300,0,0.5017328,0
4301,0,0.54728264,0
4302,0,0.70811164,1
4303,0,0.51798236,0
4304,1,0.5035152,0
4305,0,0.7300013,1
4306,0,0.502573,0
4307,0,0.50153637,0
4308,0,0.5189271,0
4309,0,0.50093746,0
4310,0,0.7058864,1
4311,0,0.5026741,0
4312,1,0.7291342,1
4313,0,0.7251623,1
4314,0,0.5014839,0
4315,0,0.50024724,0
4316,0,0.61618555,0
4317,0,0.5051039,0
4318,0,0.52801627,0
4319,0,0.7291342,1
4320,0,0.5002415,0
4321,0,0.500864,0
4322,0,0.6284074,1
4323,0,0.51837856,0
4324,0,0.5641585,0
4325,0,0.52188236,0
4326,0,0.50066805,0
4327,1,0.71849567,1
4328,1,0.71611935,1
4329,0,0.50563407,0
4330,0,0.508178,0
4331,0,0.72990495,1
4332,0,0.7200731,1
4333,0,0.6989463,1
4334,0,0.72749174,1
4335,0,0.512746,0
4336,0,0.5004616,0
4337,0,0.53278977,0
4338,0,0.72865176,1
4339,0,0.664758,1
4340,0,0.7037531,1
4341,0,0.5019169,0
4342,0,0.50299066,0
4343,0,0.72545415,1
4344,0,0.5388619,0
4345,0,0.5121207,0
4346,0,0.5028991,0
4347,0,0.5233594,0
4348,0,0.5076822,0
4349,0,0.55024487,0
4350,0,0.5008912,0
4351,1,0.7292306,1
4352,0,0.5697928,0
4353,0,0.5004816,0
4354,0,0.7201715,1
4355,0,0.69750595,1
4356,0,0.50042844,0
4357,0,0.7281688,1
4358,0,0.5169765,0
4359,0,0.5140801,0
4360,0,0.53127015,0
4361,0,0.50610703,0
4362,0,0.50087404,0
4363,1,0.729327,1
4364,0,0.647241,1
4365,1,0.7285552,1
4366,0,0.50241846,0
4367,0,0.5011616,0
4368,1,0.7234072,1
4369,0,0.5012846,0
4370,0,0.50026417,0
4371,0,0.501667,0
4372,0,0.5518153,0
4373,0,0.50071955,0
4374,0,0.5009303,0
4375,0,0.50258255,0
4376,0,0.50105,0
4377,0,0.5004597,0
4378,0,0.63883525,1
4379,0,0.5381338,0
4380,0,0.72056496,1
4381,0,0.5006919,0
4382,0,0.50017464,0
4383,0,0.50138855,0
4384,0,0.7294234,1
4385,0,0.50424564,0
4386,0,0.50091267,0
4387,0,0.7268136,1
4388,0,0.50234413,0
4389,0,0.53528064,0
4390,1,0.72749174,1
4391,0,0.54909664,0
4392,0,0.7291342,1
4393,0,0.50021064,0
4394,0,0.58906645,0
4395,0,0.50035954,0
4396,0,0.5006633,0
4397,0,0.50195307,0
4398,0,0.5086737,0
4399,0,0.7295198,1
4400,0,0.50690794,0
4401,0,0.5444381,0
4402,0,0.7292306,1
4403,0,0.66725606,1
4404,0,0.54716164,0
4405,0,0.50042677,0
4406,1,0.7300013,1
4407,0,0.50884914,0
4408,0,0.50384134,0
4409,0,0.7156228,1
4410,0,0.53028214,0
4411,0,0.50618714,0
4412,0,0.7288448,1
4413,1,0.7287483,1
4414,0,0.53673786,0
4415,0,0.66039145,1
4416,0,0.50924575,0
4417,0,0.5470104,0
4418,0,0.5018368,0
4419,0,0.5012903,0
4420,0,0.5563996,0
4421,0,0.52398366,0
4422,0,0.7281688,1
4423,0,0.5014267,0
4424,0,0.50003725,0
4425,0,0.5225068,0
4426,0,0.5128603,0
4427,0,0.5113125,0
4428,0,0.55066776,0
4429,1,0.73028994,1
4430,0,0.5004561,0
4431,0,0.5010414,0
4432,0,0.69699055,1
4433,0,0.7304822,1
4434,0,0.50595444,0
4435,0,0.71273226,1
4436,0,0.71849567,1
4437,0,0.5024452,0
4438,0,0.51465946,0
4439,0,0.5005541,0
4440,0,0.5355843,0
4441,0,0.50136185,0
4442,0,0.58930284,0
4443,0,0.50004894,0
4444,0,0.52711874,0
4445,0,0.50035405,0
4446,0,0.5001553,0
4447,0,0.70232594,1
4448,0,0.51882046,0
4449,0,0.5176014,0
4450,1,0.7255514,1
4451,0,0.50011146,0
4452,0,0.5088187,0
4453,0,0.5173118,0
4454,0,0.50447834,0
4455,0,0.50093746,0
4456,0,0.526008,0
4457,0,0.5904841,0
4458,0,0.50370973,0
