timestamp,project_name,run_id,experiment_id,duration,emissions,emissions_rate,cpu_power,gpu_power,ram_power,cpu_energy,gpu_energy,ram_energy,energy_consumed,water_consumed,country_name,country_iso_code,region,cloud_provider,cloud_region,os,python_version,codecarbon_version,cpu_count,cpu_model,gpu_count,gpu_model,longitude,latitude,ram_total_size,tracking_mode,on_cloud,pue,wue
2026-02-12T04:26:56,codecarbon,8c61b345-7145-4730-9795-1083f6972bb2,5b0fa12a-3dd7-45bb-9766-cc326314d9f1,10.670027482090518,0.0002392040038175,2.241831187586315e-05,30.267978570000007,164.01686979809378,20.0,8.546888101441862e-05,0.0004859720554435,5.647349802828911e-05,0.0006279144344862,0.0,Germany,DEU,,,,Linux-5.14.0-570.33.2.el9_6.x86_64-x86_64-with-glibc2.34,3.10.14,3.0.8,10,AMD EPYC 7713P 64-Core Processor,1,1 x NVIDIA A40,,,30,machine,N,1.0,0.0
2026-02-14T00:52:26,codecarbon,52553201-8a71-4d56-893e-ced3fa3c3f3a,5b0fa12a-3dd7-45bb-9766-cc326314d9f1,8.925747852772474,0.0002686597834635,3.0099414401460644e-05,41.05927486350001,226.90317192878544,20.0,9.604947809770578e-05,0.0005624021165999,4.67847446212545e-05,0.0007052363393189,0.0,Germany,DEU,,,,Linux-5.14.0-570.33.2.el9_6.x86_64-x86_64-with-glibc2.34,3.10.14,3.0.8,10,AMD EPYC 7413 24-Core Processor,1,1 x NVIDIA RTX A6000,,,30,machine,N,1.0,0.0
2026-02-14T22:08:29,codecarbon,3399503e-9314-42f4-8039-62081bd16da7,5b0fa12a-3dd7-45bb-9766-cc326314d9f1,8.630361126735806,0.000259154396796,3.00282216457017e-05,37.035127836,230.11129217484347,20.0,8.360683715607943e-05,0.000551528774551,4.5148931660999855e-05,0.000680284543368,0.0,Germany,DEU,,,,Linux-5.14.0-570.33.2.el9_6.x86_64-x86_64-with-glibc2.34,3.10.14,3.0.8,10,AMD EPYC 7413 24-Core Processor,1,1 x NVIDIA RTX A6000,,,30,machine,N,1.0,0.0
2026-02-19T02:55:17,codecarbon,a566dedb-0b99-48b1-af96-4d43bf86a9dd,5b0fa12a-3dd7-45bb-9766-cc326314d9f1,8.728509005995875,0.0002523625776431,2.8912449705875044e-05,36.0145855485,220.5693980456491,20.0,8.226087518526652e-05,0.000534513760944,4.568127053333027e-05,0.0006624559066626,0.0,Germany,DEU,,,,Linux-5.14.0-611.27.1.el9_7.x86_64-x86_64-with-glibc2.34,3.10.14,3.0.8,10,AMD EPYC 7413 24-Core Processor,1,1 x NVIDIA RTX A6000,,,30,machine,N,1.0,0.0
2026-02-19T23:47:55,codecarbon,b7920755-cdec-420e-b78c-fd699def1939,5b0fa12a-3dd7-45bb-9766-cc326314d9f1,8.86304304501391,0.0002511132397801,2.833262103149381e-05,37.6174719495,213.44631291090613,20.0,8.735397010398422e-05,0.0005253801425268,4.644226164447092e-05,0.0006591763742753,0.0,Germany,DEU,,,,Linux-5.14.0-611.27.1.el9_7.x86_64-x86_64-with-glibc2.34,3.10.14,3.0.8,10,AMD EPYC 7413 24-Core Processor,1,1 x NVIDIA RTX A6000,,,30,machine,N,1.0,0.0
2026-02-22T05:53:35,codecarbon,ed035333-2aaf-4d73-9e23-82c012198cac,5b0fa12a-3dd7-45bb-9766-cc326314d9f1,49.35337200097274,0.0007535682568981,1.5268830200362175e-05,28.292560229600003,96.73775928887288,20.0,0.0003796889501257,0.0013356174573821,0.0002628226301561,0.0019781290376641,0.0,Germany,DEU,,,,Linux-5.14.0-611.30.1.el9_7.x86_64-x86_64-with-glibc2.34,3.10.14,3.0.8,10,Intel(R) Xeon(R) Silver 4114 CPU @ 2.20GHz,1,1 x NVIDIA RTX A6000,,,30,machine,N,1.0,0.0
2026-02-26T04:52:43,codecarbon,de901015-56ed-4b3c-a00b-cca275debd0e,5b0fa12a-3dd7-45bb-9766-cc326314d9f1,22.247303989948705,0.0003592121569361,1.6146323037542406e-05,19.433879993375,102.10484016345954,38.0,0.0001076255380111,0.0006111402111343,0.000224172056173,0.0009429378053185,0.0,Germany,DEU,,,,Linux-5.14.0-611.30.1.el9_7.x86_64-x86_64-with-glibc2.34,3.10.14,3.0.8,10,Intel(R) Xeon(R) Silver 4114 CPU @ 2.20GHz,1,1 x NVIDIA RTX 6000 Ada Generation,,,100,machine,N,1.0,0.0
2026-02-27T07:18:56,codecarbon,bd67b007-d40d-4744-84be-c062a458fb30,5b0fa12a-3dd7-45bb-9766-cc326314d9f1,15.309489086968824,0.0002703920141261,1.7661726827729295e-05,17.011310117000004,113.73297569465495,38.0,6.995086337507169e-05,0.0004835892757597,0.000156243334093,0.0007097834732278,0.0,Germany,DEU,,,,Linux-5.14.0-611.30.1.el9_7.x86_64-x86_64-with-glibc2.34,3.10.14,3.0.8,10,Intel(R) Xeon(R) Silver 4114 CPU @ 2.20GHz,1,1 x NVIDIA RTX 6000 Ada Generation,,,100,machine,N,1.0,0.0
2026-02-28T07:44:45,codecarbon,b4f46fc6-9cd5-4d9b-abc1-f900a5ad7849,5b0fa12a-3dd7-45bb-9766-cc326314d9f1,15.222509968909435,0.0002680898716668898,1.761141048450213e-05,17.017963240400004,113.25919746375779,38.0,6.957236140249851e-05,0.00047883427195571926,0.00015533367814431486,0.0007037403115025327,0.0,Germany,DEU,,,,Linux-5.14.0-611.30.1.el9_7.x86_64-x86_64-with-glibc2.34,3.10.14,3.0.8,10,Intel(R) Xeon(R) Silver 4114 CPU @ 2.20GHz,1,1 x NVIDIA RTX 6000 Ada Generation,,,100,machine,N,1.0,0.0
