variant,cc,size,un,pub_de,resc_de,d_de,pub_delta,resc_delta,d_delta,resc_en,pub_en,val_de,val_en,nse_de,nse_en
20cc small Seen,20cc80rnd,small,000un,70.69,64.98978788373964,-5.70021211626036,1.22,8.349106175990585,7.129106175990585,73.33889405973022,71.91,70.69156017210537,71.91132921865918,3.0,3.0
20cc small Half,20cc80rnd,small,050un,64.5,57.04237703599761,-7.45762296400239,-0.14,8.290705347814715,8.430705347814715,65.33308238381233,64.36,64.49742306526615,64.36042588773098,3.0,3.0
20cc small Unseen,20cc80rnd,small,100un,57.48,50.434287119719976,-7.045712880280021,0.06,6.989803448744972,6.9298034487449724,57.42409056846495,57.54,57.48484008313748,57.540592844769016,3.0,3.0
20cc medium Seen,20cc80rnd,medium,000un,85.17,79.50423450684163,-5.665765493158375,-6.88,0.4438628744003097,7.32386287440031,79.94809738124194,78.29,85.17261235816956,78.28684282291765,3.0,3.0
20cc medium Half,20cc80rnd,medium,050un,75.36,67.88632966831399,-7.473670331686009,-8.91,-0.2598132810364575,8.650186718963543,67.62651638727753,66.45,75.36067498909223,66.45261048896829,3.0,3.0
20cc medium Unseen,20cc80rnd,medium,100un,63.4,56.46557109639366,-6.934428903606339,-5.38,1.4076762164365775,6.787676216436577,57.87324731283024,58.019999999999996,63.404323804747385,58.01798639403322,3.0,3.0
20cc large Seen,20cc80rnd,large,000un,89.41,84.10335641239476,-5.306643587605237,-5.23,2.0534022847730427,7.283402284773043,86.1567586971678,84.17999999999999,89.40559545998427,84.18152435346218,3.0,3.0
20cc large Half,20cc80rnd,large,050un,79.43,69.88661049933795,-9.543389500662059,-8.87,2.3249852398540725,11.194985239854072,72.21159573919202,70.56,79.43164730917658,70.55720537931661,3.0,3.0
20cc large Unseen,20cc80rnd,large,100un,65.8,57.37706380637343,-8.422936193626569,-3.83,4.409278424340869,8.239278424340869,61.7863422307143,61.97,65.79861802854748,61.966745038421294,3.0,3.0
50cc small Seen,50cc50rnd,small,000un,37.51,33.23244643248967,-4.277553567510331,18.86,24.30836150683306,5.448361506833059,57.540807939322725,56.37,37.50618391149012,56.36950357547218,3.0,3.0
50cc small Half,50cc50rnd,small,050un,37.83,30.908036352056723,-6.921963647943276,13.49,21.454733317214494,7.964733317214494,52.362769669271216,51.32,37.82603023511418,51.31530996401944,3.0,2.0
50cc small Unseen,50cc50rnd,small,100un,35.02,28.4753605659098,-6.544639434090204,12.63,18.673703477270546,6.043703477270546,47.149064043180346,47.650000000000006,35.016130249349324,47.64667889706539,3.0,2.0
50cc medium Seen,50cc50rnd,medium,000un,70.08,65.71686795272868,-4.363132047271321,0.69,7.264310387588324,6.574310387588325,72.981178340317,70.77,70.08030427611108,70.77208771173206,3.0,3.0
50cc medium Half,50cc50rnd,medium,050un,64.68,58.64733238619954,-6.03266761380047,-0.94,6.82424819525238,7.76424819525238,65.47158058145192,63.74000000000001,64.67801559082655,63.73556325125745,3.0,3.0
50cc medium Unseen,50cc50rnd,medium,100un,55.96,49.58573283270412,-6.3742671672958835,1.85,7.8940964604447785,6.044096460444779,57.479829293148896,57.81,55.96054267309322,57.81036960812183,3.0,3.0
50cc large Seen,50cc50rnd,large,000un,79.9,74.83155777714947,-5.0684422228505355,-4.92,2.9004814549505795,7.8204814549505794,77.73203923210005,74.98,79.89881976193234,74.98253174250334,2.0,3.0
50cc large Half,50cc50rnd,large,050un,71.09,63.15853660897322,-7.9314633910267816,-5.46,4.335960851589647,9.795960851589648,67.49449746056287,65.63000000000001,71.09357599669096,65.62886785261307,2.0,3.0
50cc large Unseen,50cc50rnd,large,100un,62.16,55.11124379973384,-7.048756200266155,-2.55,4.05754838934498,6.60754838934498,59.16879218907882,59.61,62.16416094713792,59.6076365821803,2.0,3.0
80cc small Seen,80cc20rnd,small,000un,30.1,24.32237411430016,-5.777625885699841,12.56,18.925881560174,6.365881560173998,43.24825567447416,42.660000000000004,30.097143042093204,42.65880544470799,3.0,3.0
80cc small Half,80cc20rnd,small,050un,31.79,26.9087733488894,-4.881226651110598,9.42,14.306995968305241,4.886995968305241,41.21576931719464,41.21,31.79173314443943,41.211614620542285,3.0,3.0
80cc small Unseen,80cc20rnd,small,100un,30.33,26.807947010437697,-3.522052989562301,7.62,10.85717721838844,3.2371772183884397,37.66512422882614,37.949999999999996,30.32604642017524,37.945864845829576,3.0,3.0
80cc medium Seen,80cc20rnd,medium,000un,65.1,59.081404749181296,-6.018595250818699,-1.94,5.61046528515822,7.55046528515822,64.69187003433952,63.16,65.10046845516983,63.157059690255885,3.0,3.0
80cc medium Half,80cc20rnd,medium,050un,60.66,54.58528271595421,-6.074717284045789,-2.72,4.0822694068464855,6.802269406846486,58.66755212280069,57.94,60.65844093274399,57.93649497824976,3.0,3.0
80cc medium Unseen,80cc20rnd,medium,100un,52.61,47.55337399352755,-5.056626006472449,-1.04,3.9752054396068033,5.015205439606803,51.528579433134354,51.57,52.61377744449462,51.574536538878185,3.0,3.0
80cc large Seen,80cc20rnd,large,000un,73.39,64.62670370964814,-8.76329629035186,-5.3,5.132917190242466,10.432917190242467,69.7596208998906,68.09,73.39143007013043,68.09413373351737,3.0,3.0
80cc large Half,80cc20rnd,large,050un,65.4,57.07427781123672,-8.325722188763287,-2.54,7.0571111316576705,9.59711113165767,64.13138894289439,62.86000000000001,65.39855046816821,62.855398347377296,3.0,3.0
80cc large Unseen,80cc20rnd,large,100un,54.01,46.27307081563515,-7.736929184364847,-0.52,7.325046674504186,7.845046674504186,53.59811749013934,53.489999999999995,54.01487549170096,53.49066081985337,3.0,3.0
