model,language,size,test,seed,precision,recall,f1,n_pairs,n_dropped_predictions
roberta_bs32_full,de,small,Seen,0,32.63041065482797,85.96491228070175,47.30490748189863,4440,0
roberta_bs32_full,de,small,Half-Seen,0,26.182432432432435,85.87257617728532,40.1294498381877,4437,0
roberta_bs32_full,de,small,Unseen,0,21.428571428571427,86.20689655172413,34.32494279176201,4447,0
roberta_bs32_full,de,small,Seen,1,24.705882352941178,6.140350877192982,9.836065573770492,4440,0
roberta_bs32_full,de,small,Half-Seen,1,17.391304347826086,3.32409972299169,5.5813953488372094,4437,0
roberta_bs32_full,de,small,Unseen,1,21.686746987951807,5.172413793103448,8.352668213457076,4447,0
roberta_bs32_full,de,small,Seen,2,31.44208037825059,77.77777777777779,44.78114478114478,4440,0
roberta_bs32_full,de,small,Half-Seen,2,25.48330404217926,80.33240997229917,38.69246164109407,4437,0
roberta_bs32_full,de,small,Unseen,2,22.288261515601786,86.20689655172413,35.41912632821723,4447,0
roberta_bs32_full,de,small,Seen,3,37.194337194337194,84.50292397660819,51.653261840929396,4440,0
roberta_bs32_full,de,small,Half-Seen,3,30.85427135678392,85.0415512465374,45.28023598820059,4437,0
roberta_bs32_full,de,small,Unseen,3,27.75768535262206,88.2183908045977,42.2283356258597,4447,0
roberta_bs32_full,de,medium,Seen,0,55.13307984790875,84.7953216374269,66.82027649769586,4440,0
roberta_bs32_full,de,medium,Half-Seen,0,38.75476493011436,84.48753462603878,53.13588850174216,4437,0
roberta_bs32_full,de,medium,Unseen,0,28.669275929549904,84.19540229885058,42.77372262773723,4447,0
roberta_bs32_full,de,medium,Seen,1,50.77452667814114,86.25730994152046,63.92199349945828,4440,0
roberta_bs32_full,de,medium,Half-Seen,1,37.86764705882353,85.59556786703601,52.506372132540356,4437,0
roberta_bs32_full,de,medium,Unseen,1,28.14538676607642,86.7816091954023,42.50527797325827,4447,0
roberta_bs32_full,de,medium,Seen,2,49.035369774919616,89.18128654970761,63.278008298755196,4440,0
roberta_bs32_full,de,medium,Half-Seen,2,41.123882503192846,89.19667590027701,56.29370629370629,4437,0
roberta_bs32_full,de,medium,Unseen,2,30.8300395256917,89.65517241379311,45.88235294117647,4447,0
roberta_bs32_full,de,large,Seen,0,59.4488188976378,88.30409356725146,71.05882352941177,4440,0
roberta_bs32_full,de,large,Half-Seen,0,47.41641337386018,86.42659279778393,61.236506378802744,4437,0
roberta_bs32_full,de,large,Unseen,0,33.05288461538461,79.02298850574712,46.61016949152542,4447,0
roberta_bs32_full,de,large,Seen,1,60.30245746691871,93.27485380116958,73.24913892078071,4440,0
roberta_bs32_full,de,large,Half-Seen,1,44.505494505494504,89.75069252077562,59.50413223140495,4437,0
roberta_bs32_full,de,large,Unseen,1,30.923694779116467,88.50574712643679,45.833333333333336,4447,0
roberta_bs32_full,de,large,Seen,2,60.9375,91.22807017543859,73.0679156908665,4440,0
roberta_bs32_full,de,large,Half-Seen,2,42.03655352480418,89.19667590027701,57.14285714285715,4437,0
roberta_bs32_full,de,large,Unseen,2,28.584310189359783,91.0919540229885,43.51407000686343,4447,0
roberta_bs32_full,en,small,Seen,0,42.68292682926829,81.87134502923976,56.1122244488978,4440,0
roberta_bs32_full,en,small,Half-Seen,0,32.28180862250263,85.0415512465374,46.79878048780488,4437,0
roberta_bs32_full,en,small,Unseen,0,25.71428571428571,87.93103448275862,39.791937581274375,4447,0
roberta_bs32_full,en,small,Seen,1,44.3609022556391,86.25730994152046,58.58987090367428,4440,0
roberta_bs32_full,en,small,Half-Seen,1,34.0958605664488,86.70360110803324,48.94448788115715,4437,0
roberta_bs32_full,en,small,Unseen,1,27.934485896269333,88.2183908045977,42.43261921216309,4447,0
roberta_bs32_full,en,small,Seen,2,41.75334323922734,82.16374269005848,55.36945812807882,4440,0
roberta_bs32_full,en,small,Half-Seen,2,33.8337182448037,81.16343490304709,47.758761206193974,4437,0
roberta_bs32_full,en,small,Unseen,2,29.64071856287425,85.34482758620689,44.0,4447,0
roberta_bs32_full,en,medium,Seen,0,57.5984990619137,89.76608187134502,70.17142857142858,4440,0
roberta_bs32_full,en,medium,Half-Seen,0,45.20166898470097,90.02770083102493,60.185185185185176,4437,0
roberta_bs32_full,en,medium,Unseen,0,32.113821138211385,90.80459770114942,47.44744744744745,4447,0
roberta_bs32_full,en,medium,Seen,1,54.59363957597173,90.35087719298247,68.06167400881058,4440,0
roberta_bs32_full,en,medium,Half-Seen,1,43.58638743455497,92.24376731301939,59.199999999999996,4437,0
roberta_bs32_full,en,medium,Unseen,1,33.23076923076923,93.10344827586206,48.97959183673469,4447,0
roberta_bs32_full,en,medium,Seen,2,62.38938053097345,82.45614035087719,71.03274559193953,4440,0
roberta_bs32_full,en,medium,Half-Seen,2,52.658662092624354,85.0415512465374,65.04237288135593,4437,0
roberta_bs32_full,en,medium,Unseen,2,37.51633986928105,82.47126436781609,51.57232704402516,4447,0
roberta_bs32_full,en,large,Seen,0,63.519313304721024,86.54970760233918,73.26732673267325,4440,0
roberta_bs32_full,en,large,Half-Seen,0,52.92153589315526,87.81163434903047,66.04166666666667,4437,0
roberta_bs32_full,en,large,Unseen,0,39.19270833333333,86.49425287356321,53.942652329749095,4447,0
roberta_bs32_full,en,large,Seen,1,66.21315192743764,85.38011695906432,74.58492975734355,4440,0
roberta_bs32_full,en,large,Half-Seen,1,51.257861635220124,90.30470914127424,65.39618856569709,4437,0
roberta_bs32_full,en,large,Unseen,1,37.01456310679612,87.64367816091954,52.04778156996587,4447,0
roberta_bs32_full,en,large,Seen,2,64.17582417582418,85.38011695906432,73.27478042659975,4440,0
roberta_bs32_full,en,large,Half-Seen,2,51.97934595524957,83.65650969529086,64.11889596602973,4437,0
roberta_bs32_full,en,large,Unseen,2,36.78887484197219,83.62068965517241,51.09745390693591,4447,0
