Combination,# Entities,name,description,brand,price,Vocabulary (unique),Words,Tokens
20cc80rnd_small,2808,100/9,99/38,99/1,100/1,45285,45285,13632
20cc80rnd_medium,3259,100/9,99/38,99/1,100/1,49341,49341,14116
20cc80rnd_large,5173,100/9,99/38,99/1,100/1,65016,65016,15587
50cc50rnd_small,2805,100/10,99/41,99/1,100/1,42283,42283,13074
50cc50rnd_medium,3264,100/10,99/41,99/1,100/1,45576,45576,13468
50cc50rnd_large,5167,100/9,99/41,99/1,100/1,59159,59159,15083
80cc20rnd_small,2804,100/10,99/47,99/1,100/1,38412,38412,12380
80cc20rnd_medium,3241,100/9,99/46,99/1,100/1,41473,41473,12748
80cc20rnd_large,5119,100/9,99/45,99/1,100/1,51960,51960,13927
