dataset,threshold,count,precision,recall,f1
large_products50cc50rnd050un_NaiveBayes_1,1.0,11,0.7272727272727273,1.0,0.8421052631578947
small_products20cc80rnd050un_DecisionTree_1,0.88,43,0.3023255813953488,1.0,0.4642857142857143
large_products20cc80rnd000un_LinearSVC_2,0.98,2,1.0,1.0,1.0
medium_products20cc80rnd100un_NaiveBayes_2,0.015,515,0.2796116504854369,1.0,0.4370257966616085
large_products50cc50rnd100un_NaiveBayes_3,1.0,2,0.5,1.0,0.6666666666666666
medium_products80cc20rnd050un_DecisionTree_1,0.915,34,0.47058823529411764,1.0,0.64
small_products20cc80rnd050un_RandomForest_1,0.61,14,0.42857142857142855,1.0,0.6
small_products80cc20rnd050un_LinearSVC_3,0.8250000000000001,27,0.48148148148148145,1.0,0.65
small_products20cc80rnd050un_NaiveBayes_2,1.0,61,0.32786885245901637,1.0,0.49382716049382713
medium_products80cc20rnd050un_XGBoost_3,0.835,46,0.45652173913043476,1.0,0.6268656716417911
small_products50cc50rnd100un_LogisticRegression_2,0.995,34,0.4411764705882353,1.0,0.6122448979591837
medium_products50cc50rnd050un_XGBoost_1,0.885,22,0.3181818181818182,1.0,0.4827586206896552
medium_products20cc80rnd000un_RandomForest_3,0.56,1,1.0,1.0,1.0
medium_products20cc80rnd000un_XGBoost_2,0.92,7,0.5714285714285714,1.0,0.7272727272727273
large_products80cc20rnd100un_RandomForest_3,0.525,2,0.5,1.0,0.6666666666666666
medium_products80cc20rnd000un_NaiveBayes_2,0.065,407,0.2972972972972973,1.0,0.4583333333333333
large_products50cc50rnd050un_RandomForest_2,0.525,12,0.8333333333333334,1.0,0.9090909090909091
medium_products80cc20rnd000un_RandomForest_2,0.55,1,1.0,1.0,1.0
small_products80cc20rnd050un_RandomForest_3,0.515,14,0.21428571428571427,1.0,0.35294117647058826
small_products50cc50rnd000un_DecisionTree_2,0.0,4470,0.08187919463087248,1.0,0.1513647642679901
medium_products80cc20rnd000un_LogisticRegression_1,0.96,176,0.5397727272727273,1.0,0.7011070110701108
large_products50cc50rnd050un_LogisticRegression_3,0.99,120,0.7083333333333334,1.0,0.8292682926829268
medium_products20cc80rnd000un_DecisionTree_3,0.9550000000000001,3,0.6666666666666666,1.0,0.8
small_products80cc20rnd100un_RandomForest_3,0.505,111,0.16216216216216217,1.0,0.27906976744186046
medium_products50cc50rnd050un_LogisticRegression_2,0.98,75,0.6266666666666667,1.0,0.7704918032786885
medium_products50cc50rnd100un_LinearSVC_2,0.98,2,1.0,1.0,1.0
large_products50cc50rnd000un_LinearSVC_1,0.9500000000000001,19,0.8947368421052632,1.0,0.9444444444444444
large_products20cc80rnd000un_DecisionTree_2,0.995,29,0.9655172413793104,1.0,0.9824561403508771
large_products20cc80rnd100un_DecisionTree_1,0.63,10,0.6,1.0,0.75
small_products80cc20rnd050un_DecisionTree_1,0.905,58,0.27586206896551724,1.0,0.43243243243243246
small_products20cc80rnd100un_XGBoost_2,0.9500000000000001,2,1.0,1.0,1.0
medium_products20cc80rnd050un_RandomForest_1,0.525,195,0.358974358974359,1.0,0.5283018867924528
medium_products80cc20rnd050un_XGBoost_1,0.79,117,0.41025641025641024,1.0,0.5818181818181818
large_products50cc50rnd050un_XGBoost_3,0.905,2,1.0,1.0,1.0
large_products50cc50rnd050un_LinearSVC_2,0.9,41,0.7317073170731707,1.0,0.8450704225352113
large_products20cc80rnd000un_DecisionTree_1,0.995,25,0.96,1.0,0.9795918367346939
small_products50cc50rnd100un_LinearSVC_1,0.895,22,0.5,1.0,0.6666666666666666
small_products20cc80rnd050un_XGBoost_1,0.9550000000000001,2,1.0,1.0,1.0
small_products80cc20rnd100un_DecisionTree_3,0.905,75,0.2,1.0,0.3333333333333333
small_products80cc20rnd000un_LogisticRegression_1,0.965,142,0.4154929577464789,1.0,0.5870646766169154
large_products20cc80rnd100un_DecisionTree_3,0.555,13,0.5384615384615384,1.0,0.7
medium_products50cc50rnd000un_DecisionTree_3,0.9500000000000001,29,0.3103448275862069,1.0,0.47368421052631576
medium_products20cc80rnd100un_RandomForest_2,0.51,406,0.22660098522167488,1.0,0.36947791164658633
medium_products80cc20rnd100un_XGBoost_3,0.865,23,0.4782608695652174,1.0,0.6470588235294118
medium_products80cc20rnd050un_RandomForest_3,0.535,6,0.6666666666666666,1.0,0.8
small_products80cc20rnd100un_LogisticRegression_1,0.72,182,0.2692307692307692,1.0,0.42424242424242425
small_products80cc20rnd000un_NaiveBayes_2,0.01,285,0.19649122807017544,1.0,0.3284457478005865
small_products20cc80rnd100un_RandomForest_1,0.58,37,0.2702702702702703,1.0,0.425531914893617
small_products20cc80rnd000un_DecisionTree_2,0.88,82,0.23170731707317074,1.0,0.37623762376237624
medium_products50cc50rnd000un_NaiveBayes_1,0.01,543,0.3683241252302026,1.0,0.5383580080753702
large_products80cc20rnd000un_DecisionTree_2,0.98,22,0.7727272727272727,1.0,0.8717948717948718
medium_products50cc50rnd000un_RandomForest_2,0.535,5,1.0,1.0,1.0
small_products50cc50rnd100un_DecisionTree_3,0.9550000000000001,86,0.23255813953488372,1.0,0.37735849056603776
small_products50cc50rnd000un_XGBoost_1,0.9,7,0.7142857142857143,1.0,0.8333333333333334
small_products50cc50rnd000un_NaiveBayes_1,0.005,274,0.2846715328467153,1.0,0.4431818181818182
medium_products80cc20rnd050un_RandomForest_2,0.545,5,0.8,1.0,0.8888888888888888
large_products50cc50rnd100un_NaiveBayes_2,1.0,2,0.5,1.0,0.6666666666666666
medium_products80cc20rnd100un_LogisticRegression_1,0.995,27,0.3333333333333333,1.0,0.5
medium_products80cc20rnd100un_LogisticRegression_2,0.995,27,0.3333333333333333,1.0,0.5
small_products20cc80rnd100un_LinearSVC_1,0.93,1,1.0,1.0,1.0
medium_products80cc20rnd100un_DecisionTree_3,0.965,30,0.26666666666666666,1.0,0.42105263157894735
medium_products50cc50rnd100un_XGBoost_3,0.92,3,0.6666666666666666,1.0,0.8
large_products50cc50rnd100un_RandomForest_1,0.515,5,0.4,1.0,0.5714285714285714
small_products80cc20rnd100un_XGBoost_3,0.905,1,1.0,1.0,1.0
small_products20cc80rnd100un_LinearSVC_3,0.93,1,1.0,1.0,1.0
medium_products50cc50rnd050un_XGBoost_2,0.925,4,1.0,1.0,1.0
large_products80cc20rnd050un_NaiveBayes_2,1.0,3,0.6666666666666666,1.0,0.8
small_products80cc20rnd100un_NaiveBayes_2,0.01,329,0.0851063829787234,1.0,0.1568627450980392
large_products80cc20rnd050un_LinearSVC_1,0.715,207,0.5507246376811594,1.0,0.7102803738317757
large_products50cc50rnd000un_LinearSVC_2,0.9500000000000001,19,0.8947368421052632,1.0,0.9444444444444444
large_products50cc50rnd000un_DecisionTree_1,0.975,26,0.9230769230769231,1.0,0.96
large_products80cc20rnd050un_RandomForest_3,0.525,8,0.5,1.0,0.6666666666666666
medium_products50cc50rnd100un_RandomForest_2,0.55,2,0.5,1.0,0.6666666666666666
medium_products80cc20rnd100un_LogisticRegression_3,0.995,27,0.3333333333333333,1.0,0.5
small_products80cc20rnd100un_LogisticRegression_3,0.72,182,0.2692307692307692,1.0,0.42424242424242425
large_products80cc20rnd050un_LogisticRegression_3,0.965,173,0.5838150289017341,1.0,0.7372262773722628
small_products50cc50rnd100un_NaiveBayes_2,0.005,339,0.1415929203539823,1.0,0.24806201550387597
medium_products80cc20rnd100un_LinearSVC_3,0.71,66,0.3181818181818182,1.0,0.4827586206896552
large_products20cc80rnd000un_NaiveBayes_1,1.0,18,0.6666666666666666,1.0,0.8
small_products50cc50rnd100un_DecisionTree_2,0.0,4479,0.08528689439607055,1.0,0.1571693067270109
small_products50cc50rnd050un_XGBoost_1,0.73,123,0.3008130081300813,1.0,0.4625
medium_products50cc50rnd050un_LogisticRegression_3,0.98,75,0.6266666666666667,1.0,0.7704918032786885
small_products50cc50rnd000un_LinearSVC_3,0.9,10,0.6,1.0,0.75
medium_products50cc50rnd000un_LogisticRegression_1,0.99,43,0.7906976744186046,1.0,0.8831168831168831
small_products20cc80rnd000un_NaiveBayes_3,0.06,143,0.3986013986013986,1.0,0.57
large_products20cc80rnd000un_LogisticRegression_3,0.995,142,0.8028169014084507,1.0,0.890625
large_products20cc80rnd050un_XGBoost_1,0.85,5,1.0,1.0,1.0
large_products20cc80rnd050un_DecisionTree_2,0.995,12,0.8333333333333334,1.0,0.9090909090909091
small_products50cc50rnd100un_NaiveBayes_3,0.005,339,0.1415929203539823,1.0,0.24806201550387597
large_products20cc80rnd050un_NaiveBayes_1,0.995,219,0.5068493150684932,1.0,0.6727272727272727
medium_products20cc80rnd050un_NaiveBayes_1,0.23,304,0.41118421052631576,1.0,0.5827505827505828
small_products80cc20rnd000un_XGBoost_1,0.8300000000000001,14,0.5,1.0,0.6666666666666666
small_products50cc50rnd000un_LinearSVC_1,0.9,10,0.6,1.0,0.75
small_products20cc80rnd000un_LinearSVC_2,0.925,1,1.0,1.0,1.0
large_products80cc20rnd050un_NaiveBayes_3,1.0,3,0.6666666666666666,1.0,0.8
large_products20cc80rnd100un_RandomForest_2,0.505,223,0.2645739910313901,1.0,0.41843971631205673
medium_products20cc80rnd100un_XGBoost_1,0.9500000000000001,2,1.0,1.0,1.0
large_products80cc20rnd000un_LinearSVC_1,0.91,33,0.7878787878787878,1.0,0.8813559322033898
small_products50cc50rnd000un_RandomForest_1,0.665,1,1.0,1.0,1.0
small_products80cc20rnd000un_LinearSVC_1,0.96,1,1.0,1.0,1.0
small_products50cc50rnd100un_XGBoost_1,0.925,1,1.0,1.0,1.0
medium_products50cc50rnd100un_NaiveBayes_2,0.04,543,0.21915285451197053,1.0,0.3595166163141994
large_products20cc80rnd050un_LinearSVC_1,0.975,2,1.0,1.0,1.0
large_products50cc50rnd100un_DecisionTree_3,0.525,20,0.3,1.0,0.46153846153846156
large_products20cc80rnd050un_RandomForest_3,0.545,5,0.6,1.0,0.75
large_products20cc80rnd050un_LinearSVC_3,0.975,2,1.0,1.0,1.0
medium_products20cc80rnd050un_DecisionTree_1,0.91,32,0.34375,1.0,0.5116279069767442
large_products80cc20rnd000un_NaiveBayes_2,0.995,159,0.5283018867924528,1.0,0.691358024691358
large_products80cc20rnd000un_LogisticRegression_2,0.995,110,0.6636363636363637,1.0,0.7978142076502732
medium_products20cc80rnd050un_XGBoost_2,0.9450000000000001,4,1.0,1.0,1.0
small_products80cc20rnd000un_DecisionTree_1,0.905,36,0.19444444444444445,1.0,0.32558139534883723
medium_products20cc80rnd000un_LinearSVC_3,0.85,37,0.8108108108108109,1.0,0.8955223880597015
large_products50cc50rnd100un_LogisticRegression_2,0.995,63,0.4603174603174603,1.0,0.6304347826086957
small_products50cc50rnd050un_RandomForest_1,0.52,278,0.20863309352517986,1.0,0.34523809523809523
medium_products50cc50rnd050un_RandomForest_3,0.545,20,0.35,1.0,0.5185185185185185
small_products80cc20rnd100un_LinearSVC_2,0.75,45,0.26666666666666666,1.0,0.42105263157894735
medium_products80cc20rnd000un_DecisionTree_1,0.915,32,0.5,1.0,0.6666666666666666
small_products20cc80rnd000un_LinearSVC_3,0.925,1,1.0,1.0,1.0
small_products50cc50rnd100un_LinearSVC_2,0.895,22,0.5,1.0,0.6666666666666666
small_products50cc50rnd100un_DecisionTree_1,0.86,122,0.21311475409836064,1.0,0.35135135135135137
small_products80cc20rnd000un_NaiveBayes_3,0.01,285,0.19649122807017544,1.0,0.3284457478005865
large_products20cc80rnd050un_NaiveBayes_2,0.995,219,0.5068493150684932,1.0,0.6727272727272727
large_products80cc20rnd000un_XGBoost_2,0.835,3,1.0,1.0,1.0
small_products80cc20rnd000un_RandomForest_2,0.52,3,0.3333333333333333,1.0,0.5
large_products50cc50rnd000un_NaiveBayes_3,1.0,18,0.6666666666666666,1.0,0.8
medium_products50cc50rnd100un_NaiveBayes_1,0.04,543,0.21915285451197053,1.0,0.3595166163141994
small_products80cc20rnd050un_DecisionTree_3,0.905,58,0.27586206896551724,1.0,0.43243243243243246
large_products50cc50rnd000un_LogisticRegression_3,0.995,111,0.7837837837837838,1.0,0.8787878787878788
medium_products20cc80rnd050un_XGBoost_1,0.9400000000000001,3,1.0,1.0,1.0
medium_products20cc80rnd000un_NaiveBayes_2,0.485,226,0.4911504424778761,1.0,0.658753709198813
medium_products20cc80rnd100un_NaiveBayes_1,0.015,515,0.2796116504854369,1.0,0.4370257966616085
medium_products80cc20rnd100un_RandomForest_2,0.51,75,0.16,1.0,0.27586206896551724
large_products80cc20rnd050un_XGBoost_2,0.855,3,1.0,1.0,1.0
small_products50cc50rnd100un_LogisticRegression_3,0.995,34,0.4411764705882353,1.0,0.6122448979591837
medium_products80cc20rnd100un_NaiveBayes_3,0.005,771,0.17120622568093385,1.0,0.292358803986711
small_products50cc50rnd050un_RandomForest_2,0.515,41,0.21951219512195122,1.0,0.36
small_products50cc50rnd000un_RandomForest_2,0.53,1,1.0,1.0,1.0
medium_products50cc50rnd000un_LinearSVC_2,0.935,6,1.0,1.0,1.0
small_products80cc20rnd050un_LogisticRegression_2,0.98,55,0.45454545454545453,1.0,0.625
small_products20cc80rnd100un_LinearSVC_2,0.93,1,1.0,1.0,1.0
small_products80cc20rnd100un_LogisticRegression_2,0.72,182,0.2692307692307692,1.0,0.42424242424242425
large_products50cc50rnd000un_XGBoost_2,0.855,5,1.0,1.0,1.0
large_products80cc20rnd100un_XGBoost_3,0.8,19,0.42105263157894735,1.0,0.5925925925925926
medium_products80cc20rnd100un_DecisionTree_2,0.915,54,0.3333333333333333,1.0,0.5
small_products80cc20rnd050un_RandomForest_1,0.505,446,0.18834080717488788,1.0,0.3169811320754717
medium_products20cc80rnd000un_NaiveBayes_3,0.485,226,0.4911504424778761,1.0,0.658753709198813
large_products50cc50rnd100un_XGBoost_2,0.885,1,1.0,1.0,1.0
medium_products20cc80rnd100un_LogisticRegression_1,0.835,283,0.3745583038869258,1.0,0.5449871465295629
large_products50cc50rnd100un_RandomForest_3,0.52,3,0.3333333333333333,1.0,0.5
medium_products50cc50rnd050un_RandomForest_1,0.535,11,0.36363636363636365,1.0,0.5333333333333333
medium_products20cc80rnd050un_LogisticRegression_3,0.9550000000000001,183,0.6174863387978142,1.0,0.7635135135135135
medium_products50cc50rnd100un_LogisticRegression_1,0.995,36,0.5555555555555556,1.0,0.7142857142857143
medium_products80cc20rnd000un_DecisionTree_3,0.915,38,0.3157894736842105,1.0,0.48
large_products20cc80rnd050un_RandomForest_2,0.53,10,0.7,1.0,0.8235294117647058
large_products50cc50rnd000un_XGBoost_3,0.84,10,1.0,1.0,1.0
medium_products80cc20rnd050un_LogisticRegression_3,0.9500000000000001,158,0.5063291139240507,1.0,0.6722689075630253
large_products50cc50rnd050un_LogisticRegression_2,0.99,120,0.7083333333333334,1.0,0.8292682926829268
medium_products20cc80rnd000un_LinearSVC_2,0.85,37,0.8108108108108109,1.0,0.8955223880597015
small_products80cc20rnd050un_XGBoost_1,0.795,37,0.35135135135135137,1.0,0.52
large_products50cc50rnd100un_LinearSVC_1,0.97,4,0.75,1.0,0.8571428571428571
small_products50cc50rnd100un_LinearSVC_3,0.895,22,0.5,1.0,0.6666666666666666
medium_products20cc80rnd000un_RandomForest_1,0.605,2,1.0,1.0,1.0
large_products80cc20rnd000un_DecisionTree_1,0.975,24,0.7916666666666666,1.0,0.8837209302325582
medium_products80cc20rnd050un_LinearSVC_1,0.635,205,0.5073170731707317,1.0,0.6731391585760518
large_products50cc50rnd000un_XGBoost_1,0.8200000000000001,13,1.0,1.0,1.0
large_products50cc50rnd000un_LogisticRegression_1,0.995,111,0.7837837837837838,1.0,0.8787878787878788
large_products80cc20rnd050un_LinearSVC_2,0.715,207,0.5507246376811594,1.0,0.7102803738317757
large_products20cc80rnd000un_LogisticRegression_1,0.995,142,0.8028169014084507,1.0,0.890625
medium_products20cc80rnd000un_XGBoost_1,0.935,2,1.0,1.0,1.0
large_products20cc80rnd000un_RandomForest_2,0.545,3,0.6666666666666666,1.0,0.8
medium_products20cc80rnd050un_LinearSVC_2,0.86,22,0.6818181818181818,1.0,0.8108108108108109
medium_products20cc80rnd100un_LinearSVC_3,0.975,1,1.0,1.0,1.0
medium_products50cc50rnd050un_LinearSVC_1,0.8300000000000001,43,0.5813953488372093,1.0,0.7352941176470589
small_products20cc80rnd050un_LogisticRegression_3,0.86,246,0.47560975609756095,1.0,0.6446280991735537
medium_products80cc20rnd100un_DecisionTree_1,0.835,99,0.2222222222222222,1.0,0.36363636363636365
medium_products50cc50rnd100un_LinearSVC_1,0.98,2,1.0,1.0,1.0
small_products50cc50rnd000un_RandomForest_3,0.655,3,0.3333333333333333,1.0,0.5
medium_products50cc50rnd100un_LinearSVC_3,0.98,2,1.0,1.0,1.0
small_products50cc50rnd100un_LogisticRegression_1,0.995,34,0.4411764705882353,1.0,0.6122448979591837
large_products80cc20rnd100un_DecisionTree_3,0.635,197,0.19289340101522842,1.0,0.32340425531914896
medium_products50cc50rnd000un_NaiveBayes_3,0.01,543,0.3683241252302026,1.0,0.5383580080753702
medium_products50cc50rnd000un_LogisticRegression_3,0.99,43,0.7906976744186046,1.0,0.8831168831168831
large_products50cc50rnd050un_NaiveBayes_2,1.0,11,0.7272727272727273,1.0,0.8421052631578947
large_products50cc50rnd000un_LogisticRegression_2,0.995,111,0.7837837837837838,1.0,0.8787878787878788
small_products50cc50rnd050un_XGBoost_2,0.9450000000000001,5,0.4,1.0,0.5714285714285714
small_products50cc50rnd000un_LogisticRegression_1,0.995,45,0.5333333333333333,1.0,0.6956521739130435
large_products50cc50rnd100un_XGBoost_3,0.89,2,1.0,1.0,1.0
large_products20cc80rnd100un_NaiveBayes_2,0.74,418,0.3444976076555024,1.0,0.5124555160142349
small_products50cc50rnd000un_DecisionTree_3,0.845,130,0.2153846153846154,1.0,0.35443037974683544
large_products50cc50rnd000un_DecisionTree_2,0.98,24,0.9166666666666666,1.0,0.9565217391304348
medium_products50cc50rnd000un_RandomForest_3,0.55,4,1.0,1.0,1.0
large_products20cc80rnd000un_LinearSVC_1,0.98,2,1.0,1.0,1.0
medium_products50cc50rnd000un_NaiveBayes_2,0.01,543,0.3683241252302026,1.0,0.5383580080753702
medium_products20cc80rnd000un_RandomForest_2,0.595,2,1.0,1.0,1.0
small_products50cc50rnd050un_DecisionTree_2,0.0,4466,0.07948947604120019,1.0,0.1472723501348268
medium_products80cc20rnd050un_RandomForest_1,0.56,6,0.6666666666666666,1.0,0.8
medium_products20cc80rnd050un_LinearSVC_3,0.86,22,0.6818181818181818,1.0,0.8108108108108109
small_products20cc80rnd050un_LinearSVC_2,0.93,2,0.5,1.0,0.6666666666666666
medium_products50cc50rnd000un_LinearSVC_3,0.935,6,1.0,1.0,1.0
medium_products20cc80rnd050un_RandomForest_3,0.55,2,1.0,1.0,1.0
small_products20cc80rnd100un_LogisticRegression_2,0.91,202,0.3465346534653465,1.0,0.5147058823529411
large_products80cc20rnd050un_RandomForest_2,0.545,2,1.0,1.0,1.0
large_products20cc80rnd100un_LinearSVC_1,0.975,2,1.0,1.0,1.0
small_products50cc50rnd100un_XGBoost_3,0.935,1,1.0,1.0,1.0
large_products20cc80rnd050un_LinearSVC_2,0.975,2,1.0,1.0,1.0
medium_products50cc50rnd100un_RandomForest_3,0.545,21,0.3333333333333333,1.0,0.5
large_products20cc80rnd050un_DecisionTree_1,0.995,10,0.8,1.0,0.8888888888888888
large_products20cc80rnd050un_RandomForest_1,0.525,19,0.7894736842105263,1.0,0.8823529411764706
medium_products50cc50rnd100un_XGBoost_2,0.925,2,1.0,1.0,1.0
large_products20cc80rnd050un_XGBoost_2,0.835,8,0.75,1.0,0.8571428571428571
small_products50cc50rnd050un_LinearSVC_3,0.755,94,0.44680851063829785,1.0,0.6176470588235294
large_products20cc80rnd100un_DecisionTree_2,0.5700000000000001,12,0.5,1.0,0.6666666666666666
large_products50cc50rnd050un_DecisionTree_3,0.975,16,0.9375,1.0,0.967741935483871
large_products50cc50rnd000un_NaiveBayes_1,1.0,18,0.6666666666666666,1.0,0.8
medium_products50cc50rnd100un_RandomForest_1,0.535,4,0.5,1.0,0.6666666666666666
large_products20cc80rnd000un_XGBoost_3,0.8200000000000001,9,1.0,1.0,1.0
large_products50cc50rnd050un_LogisticRegression_1,0.99,120,0.7083333333333334,1.0,0.8292682926829268
medium_products80cc20rnd000un_NaiveBayes_3,0.065,407,0.2972972972972973,1.0,0.4583333333333333
large_products50cc50rnd050un_NaiveBayes_3,1.0,11,0.7272727272727273,1.0,0.8421052631578947
large_products80cc20rnd100un_LogisticRegression_2,0.97,90,0.32222222222222224,1.0,0.48739495798319327
medium_products50cc50rnd050un_LogisticRegression_1,0.98,75,0.6266666666666667,1.0,0.7704918032786885
small_products20cc80rnd000un_LogisticRegression_1,0.99,74,0.6486486486486487,1.0,0.7868852459016393
medium_products50cc50rnd050un_RandomForest_2,0.55,3,0.6666666666666666,1.0,0.8
large_products80cc20rnd050un_LinearSVC_3,0.715,207,0.5507246376811594,1.0,0.7102803738317757
medium_products20cc80rnd050un_DecisionTree_3,0.91,32,0.34375,1.0,0.5116279069767442
large_products80cc20rnd050un_XGBoost_1,0.86,1,1.0,1.0,1.0
large_products80cc20rnd100un_NaiveBayes_2,0.37,551,0.2014519056261343,1.0,0.33534743202416917
medium_products20cc80rnd100un_XGBoost_2,0.96,1,1.0,1.0,1.0
large_products80cc20rnd100un_XGBoost_1,0.78,20,0.4,1.0,0.5714285714285714
large_products50cc50rnd000un_RandomForest_2,0.545,1,1.0,1.0,1.0
medium_products50cc50rnd100un_LogisticRegression_2,0.995,36,0.5555555555555556,1.0,0.7142857142857143
large_products20cc80rnd100un_LogisticRegression_1,0.995,55,0.6545454545454545,1.0,0.7912087912087912
small_products80cc20rnd100un_XGBoost_2,0.935,1,1.0,1.0,1.0
small_products50cc50rnd050un_LinearSVC_1,0.755,94,0.44680851063829785,1.0,0.6176470588235294
medium_products20cc80rnd050un_RandomForest_2,0.61,2,1.0,1.0,1.0
medium_products20cc80rnd050un_NaiveBayes_2,0.23,304,0.41118421052631576,1.0,0.5827505827505828
large_products20cc80rnd000un_NaiveBayes_3,1.0,18,0.6666666666666666,1.0,0.8
medium_products80cc20rnd000un_RandomForest_1,0.5700000000000001,1,1.0,1.0,1.0
small_products50cc50rnd050un_DecisionTree_1,0.86,132,0.20454545454545456,1.0,0.33962264150943394
small_products50cc50rnd050un_RandomForest_3,0.52,315,0.20634920634920634,1.0,0.34210526315789475
small_products20cc80rnd050un_LogisticRegression_1,0.86,246,0.47560975609756095,1.0,0.6446280991735537
large_products80cc20rnd000un_DecisionTree_3,0.98,24,0.7916666666666666,1.0,0.8837209302325582
medium_products80cc20rnd050un_LinearSVC_2,0.635,205,0.5073170731707317,1.0,0.6731391585760518
small_products20cc80rnd000un_RandomForest_2,0.54,136,0.2867647058823529,1.0,0.44571428571428573
large_products80cc20rnd050un_LogisticRegression_2,0.965,173,0.5838150289017341,1.0,0.7372262773722628
medium_products20cc80rnd050un_LogisticRegression_1,0.9550000000000001,183,0.6174863387978142,1.0,0.7635135135135135
large_products50cc50rnd100un_LogisticRegression_3,0.995,63,0.4603174603174603,1.0,0.6304347826086957
medium_products80cc20rnd000un_XGBoost_2,0.925,1,1.0,1.0,1.0
large_products20cc80rnd000un_RandomForest_1,0.54,4,0.75,1.0,0.8571428571428571
large_products20cc80rnd000un_LogisticRegression_2,0.995,142,0.8028169014084507,1.0,0.890625
medium_products20cc80rnd000un_LogisticRegression_2,0.995,70,0.7714285714285715,1.0,0.8709677419354839
medium_products50cc50rnd100un_LogisticRegression_3,0.995,36,0.5555555555555556,1.0,0.7142857142857143
small_products20cc80rnd000un_DecisionTree_3,0.88,82,0.23170731707317074,1.0,0.37623762376237624
medium_products80cc20rnd050un_LinearSVC_3,0.635,205,0.5073170731707317,1.0,0.6731391585760518
large_products80cc20rnd100un_NaiveBayes_3,0.37,551,0.2014519056261343,1.0,0.33534743202416917
medium_products20cc80rnd100un_DecisionTree_2,0.965,2,0.5,1.0,0.6666666666666666
large_products20cc80rnd000un_RandomForest_3,0.555,1,1.0,1.0,1.0
large_products50cc50rnd000un_RandomForest_1,0.53,4,1.0,1.0,1.0
large_products80cc20rnd050un_XGBoost_3,0.86,1,1.0,1.0,1.0
small_products80cc20rnd000un_RandomForest_1,0.535,7,0.42857142857142855,1.0,0.6
small_products80cc20rnd000un_XGBoost_2,0.925,3,1.0,1.0,1.0
small_products80cc20rnd000un_LinearSVC_3,0.96,1,1.0,1.0,1.0
large_products50cc50rnd000un_NaiveBayes_2,1.0,18,0.6666666666666666,1.0,0.8
small_products50cc50rnd050un_XGBoost_3,0.785,72,0.3333333333333333,1.0,0.5
small_products20cc80rnd100un_RandomForest_3,0.62,2,0.5,1.0,0.6666666666666666
large_products20cc80rnd100un_RandomForest_1,0.505,182,0.2692307692307692,1.0,0.42424242424242425
small_products20cc80rnd000un_NaiveBayes_2,0.06,143,0.3986013986013986,1.0,0.57
small_products20cc80rnd050un_LogisticRegression_2,0.86,246,0.47560975609756095,1.0,0.6446280991735537
small_products20cc80rnd100un_DecisionTree_2,0.88,35,0.2571428571428571,1.0,0.4090909090909091
small_products80cc20rnd050un_LogisticRegression_1,0.98,55,0.45454545454545453,1.0,0.625
medium_products80cc20rnd050un_LogisticRegression_1,0.9500000000000001,158,0.5063291139240507,1.0,0.6722689075630253
large_products20cc80rnd100un_LogisticRegression_2,0.995,55,0.6545454545454545,1.0,0.7912087912087912
medium_products80cc20rnd100un_XGBoost_1,0.845,50,0.38,1.0,0.5507246376811594
small_products20cc80rnd000un_RandomForest_3,0.64,2,1.0,1.0,1.0
small_products80cc20rnd100un_DecisionTree_1,0.905,75,0.2,1.0,0.3333333333333333
large_products20cc80rnd100un_LinearSVC_3,0.975,2,1.0,1.0,1.0
large_products80cc20rnd000un_LogisticRegression_3,0.995,110,0.6636363636363637,1.0,0.7978142076502732
large_products50cc50rnd100un_LogisticRegression_1,0.995,63,0.4603174603174603,1.0,0.6304347826086957
small_products20cc80rnd000un_NaiveBayes_1,0.06,143,0.3986013986013986,1.0,0.57
small_products80cc20rnd100un_RandomForest_1,0.51,180,0.21666666666666667,1.0,0.3561643835616438
large_products80cc20rnd050un_DecisionTree_1,0.975,18,0.8333333333333334,1.0,0.9090909090909091
medium_products50cc50rnd100un_DecisionTree_2,0.9500000000000001,78,0.2564102564102564,1.0,0.40816326530612246
small_products50cc50rnd000un_NaiveBayes_2,0.005,274,0.2846715328467153,1.0,0.4431818181818182
medium_products50cc50rnd050un_NaiveBayes_3,0.05,453,0.2980132450331126,1.0,0.45918367346938777
small_products50cc50rnd050un_LogisticRegression_2,0.935,153,0.46405228758169936,1.0,0.6339285714285714
small_products80cc20rnd000un_DecisionTree_2,0.0,4474,0.0773357174787662,1.0,0.14356846473029045
small_products20cc80rnd050un_NaiveBayes_3,1.0,61,0.32786885245901637,1.0,0.49382716049382713
large_products20cc80rnd100un_LogisticRegression_3,0.995,55,0.6545454545454545,1.0,0.7912087912087912
medium_products80cc20rnd000un_XGBoost_3,0.865,25,0.6,1.0,0.75
medium_products80cc20rnd050un_NaiveBayes_2,1.0,24,0.2916666666666667,1.0,0.45161290322580644
large_products80cc20rnd000un_NaiveBayes_1,0.995,159,0.5283018867924528,1.0,0.691358024691358
small_products20cc80rnd050un_DecisionTree_2,0.88,43,0.3023255813953488,1.0,0.4642857142857143
large_products20cc80rnd050un_DecisionTree_3,0.995,11,0.8181818181818182,1.0,0.9
small_products80cc20rnd100un_RandomForest_2,0.505,135,0.1925925925925926,1.0,0.32298136645962733
large_products20cc80rnd100un_LinearSVC_2,0.975,2,1.0,1.0,1.0
small_products50cc50rnd100un_RandomForest_2,0.515,62,0.22580645161290322,1.0,0.3684210526315789
medium_products80cc20rnd100un_LinearSVC_2,0.71,66,0.3181818181818182,1.0,0.4827586206896552
medium_products80cc20rnd100un_NaiveBayes_1,0.005,771,0.17120622568093385,1.0,0.292358803986711
medium_products20cc80rnd100un_LogisticRegression_3,0.835,283,0.3745583038869258,1.0,0.5449871465295629
medium_products80cc20rnd050un_DecisionTree_3,0.965,24,0.4583333333333333,1.0,0.6285714285714286
medium_products80cc20rnd100un_LinearSVC_1,0.71,66,0.3181818181818182,1.0,0.4827586206896552
medium_products80cc20rnd000un_XGBoost_1,0.93,2,1.0,1.0,1.0
small_products50cc50rnd050un_NaiveBayes_3,0.49,190,0.19473684210526315,1.0,0.32599118942731276
large_products80cc20rnd100un_LinearSVC_1,0.9,26,0.34615384615384615,1.0,0.5142857142857142
small_products50cc50rnd050un_LinearSVC_2,0.755,94,0.44680851063829785,1.0,0.6176470588235294
medium_products50cc50rnd000un_XGBoost_3,0.9,8,1.0,1.0,1.0
medium_products20cc80rnd050un_LogisticRegression_2,0.9550000000000001,183,0.6174863387978142,1.0,0.7635135135135135
medium_products80cc20rnd100un_XGBoost_2,0.9,9,0.6666666666666666,1.0,0.8
large_products80cc20rnd100un_DecisionTree_1,0.62,200,0.2,1.0,0.3333333333333333
small_products80cc20rnd000un_LinearSVC_2,0.96,1,1.0,1.0,1.0
large_products20cc80rnd000un_LinearSVC_3,0.98,2,1.0,1.0,1.0
small_products20cc80rnd100un_LogisticRegression_1,0.91,202,0.3465346534653465,1.0,0.5147058823529411
small_products20cc80rnd050un_LinearSVC_3,0.93,2,0.5,1.0,0.6666666666666666
small_products20cc80rnd100un_NaiveBayes_3,0.005,286,0.2202797202797203,1.0,0.36103151862464183
medium_products20cc80rnd100un_DecisionTree_3,0.965,2,0.5,1.0,0.6666666666666666
medium_products20cc80rnd100un_LinearSVC_1,0.975,1,1.0,1.0,1.0
medium_products20cc80rnd000un_NaiveBayes_1,0.485,226,0.4911504424778761,1.0,0.658753709198813
medium_products80cc20rnd000un_NaiveBayes_1,0.065,407,0.2972972972972973,1.0,0.4583333333333333
small_products20cc80rnd100un_RandomForest_2,0.52,428,0.2102803738317757,1.0,0.3474903474903475
large_products80cc20rnd100un_RandomForest_2,0.52,2,0.5,1.0,0.6666666666666666
large_products20cc80rnd000un_XGBoost_2,0.86,6,1.0,1.0,1.0
medium_products20cc80rnd100un_XGBoost_3,0.925,18,0.3888888888888889,1.0,0.56
large_products80cc20rnd000un_XGBoost_3,0.8150000000000001,3,1.0,1.0,1.0
medium_products20cc80rnd000un_DecisionTree_1,0.9550000000000001,3,0.6666666666666666,1.0,0.8
medium_products80cc20rnd050un_LogisticRegression_2,0.9500000000000001,158,0.5063291139240507,1.0,0.6722689075630253
large_products50cc50rnd100un_LinearSVC_2,0.97,4,0.75,1.0,0.8571428571428571
medium_products50cc50rnd000un_LinearSVC_1,0.935,6,1.0,1.0,1.0
medium_products50cc50rnd000un_XGBoost_1,0.9,6,1.0,1.0,1.0
medium_products80cc20rnd000un_LinearSVC_2,0.985,1,1.0,1.0,1.0
large_products50cc50rnd050un_DecisionTree_1,0.975,17,0.8823529411764706,1.0,0.9375
medium_products80cc20rnd100un_RandomForest_1,0.535,9,0.4444444444444444,1.0,0.6153846153846154
medium_products50cc50rnd050un_NaiveBayes_2,0.05,453,0.2980132450331126,1.0,0.45918367346938777
small_products20cc80rnd100un_NaiveBayes_2,0.005,286,0.2202797202797203,1.0,0.36103151862464183
small_products20cc80rnd100un_XGBoost_3,0.9450000000000001,1,1.0,1.0,1.0
small_products20cc80rnd000un_XGBoost_3,0.9400000000000001,2,1.0,1.0,1.0
medium_products80cc20rnd000un_DecisionTree_2,0.925,33,0.48484848484848486,1.0,0.6530612244897959
medium_products20cc80rnd100un_LogisticRegression_2,0.835,283,0.3745583038869258,1.0,0.5449871465295629
small_products80cc20rnd100un_LinearSVC_3,0.75,45,0.26666666666666666,1.0,0.42105263157894735
small_products20cc80rnd050un_RandomForest_2,0.645,2,0.5,1.0,0.6666666666666666
small_products50cc50rnd050un_DecisionTree_3,0.86,139,0.2014388489208633,1.0,0.33532934131736525
small_products20cc80rnd050un_XGBoost_3,0.9450000000000001,3,1.0,1.0,1.0
large_products50cc50rnd100un_DecisionTree_1,0.525,20,0.3,1.0,0.46153846153846156
large_products80cc20rnd050un_DecisionTree_3,0.98,14,0.7857142857142857,1.0,0.88
medium_products50cc50rnd050un_LinearSVC_2,0.8300000000000001,43,0.5813953488372093,1.0,0.7352941176470589
small_products50cc50rnd050un_NaiveBayes_2,0.49,190,0.19473684210526315,1.0,0.32599118942731276
small_products80cc20rnd050un_LogisticRegression_3,0.98,55,0.45454545454545453,1.0,0.625
medium_products50cc50rnd100un_XGBoost_1,0.92,1,1.0,1.0,1.0
medium_products20cc80rnd100un_DecisionTree_1,0.965,2,0.5,1.0,0.6666666666666666
small_products50cc50rnd000un_XGBoost_3,0.93,2,1.0,1.0,1.0
large_products80cc20rnd000un_RandomForest_3,0.52,18,0.7222222222222222,1.0,0.8387096774193549
large_products50cc50rnd050un_RandomForest_1,0.525,8,0.75,1.0,0.8571428571428571
small_products20cc80rnd050un_NaiveBayes_1,1.0,61,0.32786885245901637,1.0,0.49382716049382713
medium_products80cc20rnd050un_DecisionTree_2,0.925,40,0.45,1.0,0.6206896551724138
small_products80cc20rnd050un_XGBoost_3,0.91,4,0.5,1.0,0.6666666666666666
large_products20cc80rnd000un_XGBoost_1,0.86,5,1.0,1.0,1.0
medium_products50cc50rnd050un_NaiveBayes_1,0.05,453,0.2980132450331126,1.0,0.45918367346938777
large_products50cc50rnd000un_DecisionTree_3,0.975,26,0.9230769230769231,1.0,0.96
small_products50cc50rnd100un_XGBoost_2,0.965,1,1.0,1.0,1.0
large_products50cc50rnd100un_RandomForest_2,0.505,154,0.24675324675324675,1.0,0.3958333333333333
large_products20cc80rnd000un_DecisionTree_3,0.995,28,0.9642857142857143,1.0,0.9818181818181818
large_products80cc20rnd100un_LogisticRegression_3,0.97,90,0.32222222222222224,1.0,0.48739495798319327
small_products50cc50rnd100un_NaiveBayes_1,0.005,339,0.1415929203539823,1.0,0.24806201550387597
small_products50cc50rnd050un_NaiveBayes_1,0.49,190,0.19473684210526315,1.0,0.32599118942731276
medium_products50cc50rnd100un_DecisionTree_3,0.9500000000000001,66,0.25757575757575757,1.0,0.40963855421686746
small_products20cc80rnd100un_NaiveBayes_1,0.005,286,0.2202797202797203,1.0,0.36103151862464183
small_products50cc50rnd050un_LogisticRegression_1,0.935,153,0.46405228758169936,1.0,0.6339285714285714
large_products80cc20rnd000un_LinearSVC_2,0.91,33,0.7878787878787878,1.0,0.8813559322033898
large_products50cc50rnd050un_XGBoost_2,0.91,2,1.0,1.0,1.0
small_products80cc20rnd050un_NaiveBayes_2,1.0,23,0.21739130434782608,1.0,0.35714285714285715
medium_products50cc50rnd050un_DecisionTree_3,0.905,75,0.28,1.0,0.4375
medium_products80cc20rnd100un_NaiveBayes_2,0.005,771,0.17120622568093385,1.0,0.292358803986711
small_products80cc20rnd100un_LinearSVC_1,0.75,45,0.26666666666666666,1.0,0.42105263157894735
medium_products50cc50rnd000un_DecisionTree_1,0.9500000000000001,30,0.3,1.0,0.46153846153846156
large_products80cc20rnd050un_NaiveBayes_1,1.0,3,0.6666666666666666,1.0,0.8
large_products50cc50rnd050un_LinearSVC_3,0.9,41,0.7317073170731707,1.0,0.8450704225352113
large_products20cc80rnd100un_NaiveBayes_3,0.74,418,0.3444976076555024,1.0,0.5124555160142349
large_products50cc50rnd100un_LinearSVC_3,0.97,4,0.75,1.0,0.8571428571428571
small_products80cc20rnd050un_NaiveBayes_3,1.0,23,0.21739130434782608,1.0,0.35714285714285715
large_products80cc20rnd050un_LogisticRegression_1,0.965,173,0.5838150289017341,1.0,0.7372262773722628
medium_products20cc80rnd000un_LogisticRegression_1,0.995,70,0.7714285714285715,1.0,0.8709677419354839
small_products20cc80rnd050un_XGBoost_2,0.9400000000000001,4,1.0,1.0,1.0
large_products20cc80rnd050un_LogisticRegression_3,0.995,106,0.7264150943396226,1.0,0.8415300546448088
medium_products20cc80rnd000un_XGBoost_3,0.92,4,1.0,1.0,1.0
large_products80cc20rnd100un_RandomForest_1,0.52,5,0.2,1.0,0.3333333333333333
large_products20cc80rnd100un_RandomForest_3,0.5,387,0.268733850129199,1.0,0.42362525458248473
small_products50cc50rnd000un_LogisticRegression_3,0.995,45,0.5333333333333333,1.0,0.6956521739130435
small_products20cc80rnd100un_DecisionTree_3,0.88,35,0.2571428571428571,1.0,0.4090909090909091
medium_products20cc80rnd050un_NaiveBayes_3,0.23,304,0.41118421052631576,1.0,0.5827505827505828
small_products20cc80rnd050un_DecisionTree_3,0.88,43,0.3023255813953488,1.0,0.4642857142857143
small_products50cc50rnd000un_LogisticRegression_2,0.995,45,0.5333333333333333,1.0,0.6956521739130435
large_products80cc20rnd100un_NaiveBayes_1,0.37,551,0.2014519056261343,1.0,0.33534743202416917
medium_products20cc80rnd100un_NaiveBayes_3,0.015,515,0.2796116504854369,1.0,0.4370257966616085
large_products80cc20rnd100un_LogisticRegression_1,0.97,90,0.32222222222222224,1.0,0.48739495798319327
large_products80cc20rnd100un_LinearSVC_3,0.9,26,0.34615384615384615,1.0,0.5142857142857142
large_products50cc50rnd100un_DecisionTree_2,0.54,20,0.3,1.0,0.46153846153846156
small_products80cc20rnd000un_NaiveBayes_1,0.01,285,0.19649122807017544,1.0,0.3284457478005865
small_products50cc50rnd100un_RandomForest_3,0.51,538,0.1895910780669145,1.0,0.31875
small_products50cc50rnd050un_LogisticRegression_3,0.935,153,0.46405228758169936,1.0,0.6339285714285714
large_products50cc50rnd050un_RandomForest_3,0.52,9,0.5555555555555556,1.0,0.7142857142857143
medium_products80cc20rnd050un_NaiveBayes_3,1.0,24,0.2916666666666667,1.0,0.45161290322580644
medium_products50cc50rnd050un_DecisionTree_1,0.905,81,0.2962962962962963,1.0,0.45714285714285713
large_products50cc50rnd000un_LinearSVC_3,0.9500000000000001,19,0.8947368421052632,1.0,0.9444444444444444
large_products80cc20rnd000un_RandomForest_1,0.535,4,0.75,1.0,0.8571428571428571
small_products20cc80rnd050un_LinearSVC_1,0.93,2,0.5,1.0,0.6666666666666666
large_products80cc20rnd050un_RandomForest_1,0.515,19,0.6842105263157895,1.0,0.8125
medium_products80cc20rnd000un_RandomForest_3,0.51,73,0.3287671232876712,1.0,0.4948453608247423
small_products80cc20rnd000un_LogisticRegression_3,0.965,142,0.4154929577464789,1.0,0.5870646766169154
small_products80cc20rnd100un_XGBoost_1,0.865,1,1.0,1.0,1.0
large_products50cc50rnd000un_RandomForest_3,0.53,2,1.0,1.0,1.0
medium_products50cc50rnd100un_NaiveBayes_3,0.04,543,0.21915285451197053,1.0,0.3595166163141994
small_products80cc20rnd100un_NaiveBayes_3,0.01,329,0.0851063829787234,1.0,0.1568627450980392
small_products50cc50rnd000un_XGBoost_2,0.98,1,1.0,1.0,1.0
large_products50cc50rnd050un_DecisionTree_2,0.98,18,0.8333333333333334,1.0,0.9090909090909091
small_products80cc20rnd000un_DecisionTree_3,0.905,36,0.19444444444444445,1.0,0.32558139534883723
medium_products80cc20rnd000un_LinearSVC_3,0.985,1,1.0,1.0,1.0
large_products20cc80rnd000un_NaiveBayes_2,1.0,18,0.6666666666666666,1.0,0.8
small_products80cc20rnd050un_LinearSVC_1,0.8250000000000001,27,0.48148148148148145,1.0,0.65
small_products20cc80rnd000un_LogisticRegression_2,0.99,74,0.6486486486486487,1.0,0.7868852459016393
small_products80cc20rnd050un_RandomForest_2,0.52,3,0.3333333333333333,1.0,0.5
medium_products80cc20rnd000un_LogisticRegression_2,0.96,176,0.5397727272727273,1.0,0.7011070110701108
small_products80cc20rnd050un_LinearSVC_2,0.8250000000000001,27,0.48148148148148145,1.0,0.65
large_products80cc20rnd100un_LinearSVC_2,0.9,26,0.34615384615384615,1.0,0.5142857142857142
large_products20cc80rnd050un_XGBoost_3,0.87,4,1.0,1.0,1.0
small_products50cc50rnd000un_NaiveBayes_3,0.005,274,0.2846715328467153,1.0,0.4431818181818182
medium_products20cc80rnd100un_RandomForest_1,0.525,263,0.23193916349809887,1.0,0.3765432098765432
medium_products50cc50rnd050un_DecisionTree_2,0.905,79,0.2911392405063291,1.0,0.45098039215686275
large_products50cc50rnd050un_LinearSVC_1,0.9,41,0.7317073170731707,1.0,0.8450704225352113
small_products50cc50rnd000un_LinearSVC_2,0.9,10,0.6,1.0,0.75
small_products20cc80rnd100un_DecisionTree_1,0.88,35,0.2571428571428571,1.0,0.4090909090909091
small_products80cc20rnd050un_DecisionTree_2,0.0,4470,0.08299776286353468,1.0,0.15327411691799214
large_products80cc20rnd000un_XGBoost_1,0.8,10,0.8,1.0,0.8888888888888888
small_products80cc20rnd000un_XGBoost_3,0.91,2,0.5,1.0,0.6666666666666666
small_products80cc20rnd100un_NaiveBayes_1,0.01,329,0.0851063829787234,1.0,0.1568627450980392
medium_products20cc80rnd000un_DecisionTree_2,0.9550000000000001,3,0.6666666666666666,1.0,0.8
medium_products80cc20rnd100un_RandomForest_3,0.505,114,0.20175438596491227,1.0,0.3357664233576642
small_products50cc50rnd000un_DecisionTree_1,0.845,134,0.21641791044776118,1.0,0.3558282208588957
small_products20cc80rnd000un_RandomForest_1,0.56,56,0.3392857142857143,1.0,0.5066666666666667
medium_products50cc50rnd050un_LinearSVC_3,0.8300000000000001,43,0.5813953488372093,1.0,0.7352941176470589
medium_products20cc80rnd100un_LinearSVC_2,0.975,1,1.0,1.0,1.0
small_products20cc80rnd050un_RandomForest_3,0.645,1,1.0,1.0,1.0
small_products80cc20rnd100un_DecisionTree_2,0.0,4463,0.0797669728881918,1.0,0.14774849553849345
medium_products80cc20rnd050un_XGBoost_2,0.805,100,0.44,1.0,0.6111111111111112
small_products80cc20rnd050un_NaiveBayes_1,1.0,23,0.21739130434782608,1.0,0.35714285714285715
large_products20cc80rnd050un_NaiveBayes_3,0.995,219,0.5068493150684932,1.0,0.6727272727272727
large_products80cc20rnd000un_LogisticRegression_1,0.995,110,0.6636363636363637,1.0,0.7978142076502732
small_products20cc80rnd100un_XGBoost_1,0.9550000000000001,2,0.5,1.0,0.6666666666666666
small_products20cc80rnd000un_DecisionTree_1,0.88,82,0.23170731707317074,1.0,0.37623762376237624
large_products80cc20rnd000un_LinearSVC_3,0.91,33,0.7878787878787878,1.0,0.8813559322033898
large_products80cc20rnd050un_DecisionTree_2,0.98,14,0.7857142857142857,1.0,0.88
medium_products50cc50rnd000un_XGBoost_2,0.87,16,1.0,1.0,1.0
small_products80cc20rnd000un_RandomForest_3,0.515,19,0.21052631578947367,1.0,0.34782608695652173
small_products20cc80rnd000un_XGBoost_2,0.965,3,0.6666666666666666,1.0,0.8
large_products80cc20rnd000un_NaiveBayes_3,0.995,159,0.5283018867924528,1.0,0.691358024691358
medium_products80cc20rnd050un_NaiveBayes_1,1.0,24,0.2916666666666667,1.0,0.45161290322580644
medium_products50cc50rnd050un_XGBoost_3,0.9400000000000001,1,1.0,1.0,1.0
large_products20cc80rnd100un_NaiveBayes_1,0.74,418,0.3444976076555024,1.0,0.5124555160142349
small_products80cc20rnd000un_LogisticRegression_2,0.965,142,0.4154929577464789,1.0,0.5870646766169154
small_products20cc80rnd000un_LinearSVC_1,0.925,1,1.0,1.0,1.0
medium_products50cc50rnd100un_DecisionTree_1,0.9400000000000001,84,0.2619047619047619,1.0,0.41509433962264153
small_products50cc50rnd100un_RandomForest_1,0.52,310,0.1870967741935484,1.0,0.31521739130434784
large_products20cc80rnd100un_XGBoost_3,0.785,6,0.8333333333333334,1.0,0.9090909090909091
medium_products20cc80rnd050un_XGBoost_3,0.9550000000000001,6,0.6666666666666666,1.0,0.8
large_products80cc20rnd000un_RandomForest_2,0.52,15,0.8,1.0,0.8888888888888888
small_products20cc80rnd000un_XGBoost_1,0.895,10,0.6,1.0,0.75
large_products80cc20rnd100un_DecisionTree_2,0.665,145,0.2,1.0,0.3333333333333333
large_products20cc80rnd050un_LogisticRegression_2,0.995,106,0.7264150943396226,1.0,0.8415300546448088
small_products20cc80rnd000un_LogisticRegression_3,0.99,74,0.6486486486486487,1.0,0.7868852459016393
large_products20cc80rnd050un_LogisticRegression_1,0.995,106,0.7264150943396226,1.0,0.8415300546448088
small_products80cc20rnd050un_XGBoost_2,0.9400000000000001,1,1.0,1.0,1.0
small_products20cc80rnd100un_LogisticRegression_3,0.91,202,0.3465346534653465,1.0,0.5147058823529411
large_products80cc20rnd100un_XGBoost_2,0.905,1,1.0,1.0,1.0
medium_products50cc50rnd000un_DecisionTree_2,0.9500000000000001,33,0.30303030303030304,1.0,0.46511627906976744
medium_products50cc50rnd000un_LogisticRegression_2,0.99,43,0.7906976744186046,1.0,0.8831168831168831
large_products20cc80rnd100un_XGBoost_2,0.745,13,0.9230769230769231,1.0,0.96
medium_products20cc80rnd100un_RandomForest_3,0.505,339,0.22713864306784662,1.0,0.3701923076923077
large_products50cc50rnd100un_XGBoost_1,0.8200000000000001,4,1.0,1.0,1.0
medium_products20cc80rnd000un_LinearSVC_1,0.85,37,0.8108108108108109,1.0,0.8955223880597015
large_products50cc50rnd050un_XGBoost_1,0.84,5,1.0,1.0,1.0
medium_products80cc20rnd000un_LinearSVC_1,0.985,1,1.0,1.0,1.0
medium_products20cc80rnd050un_LinearSVC_1,0.86,22,0.6818181818181818,1.0,0.8108108108108109
large_products20cc80rnd100un_XGBoost_1,0.86,2,1.0,1.0,1.0
large_products50cc50rnd100un_NaiveBayes_1,1.0,2,0.5,1.0,0.6666666666666666
medium_products20cc80rnd000un_LogisticRegression_3,0.995,70,0.7714285714285715,1.0,0.8709677419354839
medium_products80cc20rnd000un_LogisticRegression_3,0.96,176,0.5397727272727273,1.0,0.7011070110701108
medium_products50cc50rnd000un_RandomForest_1,0.545,3,1.0,1.0,1.0
medium_products20cc80rnd050un_DecisionTree_2,0.91,32,0.34375,1.0,0.5116279069767442
