pair_id,label,New Label,c_u
113560958124#117756682724,1,0,20cc80_000
1701420365#1634624894,1,0,20cc80_000
18956333945#4522343644,1,0,20cc80_000
90088944269#4361945080,1,-1,20cc80_000
3747074740#2056703740,1,0,20cc80_000
5139738145#4749417182,1,0,20cc80_000
3550420996#3551045844,1,0,20cc80_000
4424218136#4670277179,1,0,20cc80_000
5122767275#38189434441,0,1,20cc80_000
1537439376#2119447541,1,0,20cc80_000
1384521138#1726849895,1,0,20cc80_000
3202650162#1690392435,1,0,20cc80_000
4754817670#4826662409,1,0,20cc80_000
5214349442#60746273843,1,0,20cc80_000
4855192008#4676945807,1,0,20cc80_000
42626234945#96464483573,1,-1,20cc80_000
4104893219#4264623066,1,0,20cc80_000
1789407336#1813034413,1,-1,20cc80_000
4391848279#4683128574,1,0,20cc80_000
5006683632#34523829000,1,0,20cc80_000
1861556379#3082192822,1,0,20cc80_000
4612325788#2081310427,1,-1,20cc80_000
3986635625#3797469476,1,0,20cc80_000
4683128792#5137789006,0,1,20cc80_000
4763332016#5174571094,1,-1,20cc80_000
4728019061#4786425036,1,0,20cc80_000
2067590020#2111616240,1,0,20cc80_000
3205210115#2314435227,1,-1,20cc80_000
4683128792#3267793397,0,1,20cc80_000
138691630850#1304937637,1,-1,20cc80_000
1848110456#1768955738,1,-1,20cc80_000
336084797451#4862162402,0,1,20cc80_000
427593909142#416910186231,1,0,20cc80_000
44044455454#1932527171,1,0,20cc80_000
1974801707#4797165686,1,0,20cc80_000
1485299018#1485299013,1,0,20cc80_000
3713044717#3708433646,1,0,20cc80_000
5196755485#8484260087,1,-1,20cc80_000
5140039711#5154554715,1,-1,20cc80_000
422592070627#2053826326,1,0,20cc80_000
3618222408#4099060832,1,0,20cc80_000
4420214504#4683128792,1,0,20cc80_000
25271558033#336084797451,1,0,20cc80_000
29004068614#5165641659,0,1,20cc80_000
3846933347#4242576131,1,0,20cc80_000
1806456429#2062281479,1,0,20cc80_000
4626053521#4547354791,1,-1,20cc80_000
3764168689#4457940843,1,0,20cc80_000
5063243277#5103620556,1,0,20cc80_000
4206249296#4706331170,1,0,20cc80_000
1309241824#1748267407,1,0,20cc80_000
23700156902#1441677912,1,0,20cc80_000
4111406344#2128587019,1,0,20cc80_000
4706331170#4970198147,0,-1,20cc80_000
4441056785#4091678032,1,0,20cc80_000
1485299312#2121552363,1,0,20cc80_000
332289128117#235475987798,1,0,20cc80_000
54163692074#5093302594,1,0,20cc80_000
1321409006#1319944337,1,0,20cc80_000
4848820948#4843658030,1,0,20cc80_000
1666737679#1627148430,1,0,20cc80_000
5103624144#2116384872,1,0,20cc80_000
2011135203#2056136170,1,0,20cc80_000
2054953236#2123105045,1,0,20cc80_000
49450621842#52473443269,1,0,20cc80_000
5066791120#54353744279,1,0,20cc80_000
3927195586#3911660194,1,0,20cc80_000
1305862252#2054786962,1,0,20cc80_000
4442434830#3750321162,1,-1,20cc80_000
4359345479#4243154090,1,0,20cc80_000
3708976648#2011422795,1,0,20cc80_000
2113209826#2061110696,1,0,20cc80_000
2720191918#3033451903,1,0,20cc80_000
4683128695#4219305678,1,0,20cc80_000
3997184387#5068111044,1,0,20cc80_000
3239345949#585216739399,1,0,20cc80_000
200793780504#15721336763,1,0,20cc80_000
2108617570#3114734058,1,-1,20cc80_000
2070081045#1768784044,1,0,20cc80_000
3862296444#3913210887,1,0,20cc80_000
388960992073#423255649219,1,-1,20cc80_000
1365425184#3945405605,1,0,20cc80_000
2055885530#2059581715,1,0,20cc80_000
2074381365#2065240489,1,0,20cc80_000
5182358949#1811606367,1,0,20cc80_000
3709911667#3797481052,1,0,20cc80_000
1774643505#2061948762,1,-1,20cc80_000
5174571094#4557843865,0,-1,20cc80_000
1650171814#1950837411,1,0,20cc80_000
4435546738#4332290907,1,-1,20cc80_000
5122767275#174309766992,0,1,20cc80_000
2055878959#2066608628,1,0,20cc80_000
3447177264#1909948077,1,0,20cc80_000
3794197830#4862162402,1,0,20cc80_000
2134510956#1548025566,1,0,20cc80_000
1319732582#2063877224,1,0,20cc80_000
4589673799#4595119059,1,0,20cc80_000
3798427322#4683128693,1,0,20cc80_000
3801970394#1802211277,1,0,20cc80_000
1549865107#3072545115,1,0,20cc80_000
3875487514#3709052310,1,0,20cc80_000
18465768764#5185529534,1,0,20cc80_000
107766860234#4944977785,1,0,20cc80_000
1799390134#1497894212,1,-1,20cc80_000
1927135903#1773082332,1,0,20cc80_000
1317769788#4852065333,1,-1,20cc80_000
4464262179#1923282767,1,0,20cc80_000
4506715468#4706331170,0,-1,20cc80_000
4752061423#3883531558,0,1,20cc80_000
3488840316#3363359717,1,0,20cc80_050
1469947163#1402124924,1,0,20cc80_050
4059739993#4197944029,1,0,20cc80_050
5038913286#82325773100,1,0,20cc80_050
85679298671#358968132955,1,-1,20cc80_050
4202066092#3364150594,1,0,20cc80_050
1306851139#1709836734,1,0,20cc80_050
4709177500#159730607651,1,0,20cc80_050
4587202995#3030484462,1,0,20cc80_050
2132795383#2160958435,1,0,20cc80_050
1780797402#1423369065,1,-1,20cc80_050
384709473414#81042916306,1,-1,20cc80_050
4672345130#3849875064,1,-1,20cc80_050
3964333871#1728174551,1,0,20cc80_050
3552909102#4492977050,1,-1,20cc80_050
41506701575#1415963077,1,0,20cc80_050
3053916069#2165666882,1,-1,20cc80_050
1485299448#2055885528,1,0,20cc80_050
4804117485#3829554374,0,-1,20cc80_050
1639423540#3236907215,1,-1,20cc80_050
134867489837#4967825383,1,0,20cc80_050
1654102057#1665894324,0,1,20cc80_050
4009292178#3277004292,1,0,20cc80_050
378612909737#329718595140,1,0,20cc80_050
1654102057#1656969942,0,1,20cc80_050
3754372320#2113758643,1,0,20cc80_050
1978617397#4684762583,1,0,20cc80_050
1646275700#1453532038,1,0,20cc80_050
1955016683#2977432095,1,-1,20cc80_050
2075611951#138960829393,1,-1,20cc80_050
1562031765#2058406199,1,0,20cc80_050
4786425036#4837628601,1,0,20cc80_050
1415683857#3915232509,1,-1,20cc80_050
5163636978#4970197889,1,-1,20cc80_050
1371717862#1320992608,0,1,20cc80_050
1813327174#1848719127,1,0,20cc80_050
2050583480#1768955738,1,0,20cc80_050
4662287639#3913495754,1,0,20cc80_050
4205653425#4111350011,1,0,20cc80_050
4538676877#4626053521,1,0,20cc80_050
3797173437#4676785037,1,-1,20cc80_050
2060512716#4793200474,1,0,20cc80_050
2060056435#2060254114,1,0,20cc80_050
18466913739#4790633062,1,0,20cc80_050
1639386839#8431814779,1,0,20cc80_050
2058531415#3931049291,1,0,20cc80_050
25271558033#248352373136,1,-1,20cc80_050
4756922573#4782070197,1,0,20cc80_050
4865786342#4523373320,1,0,20cc80_050
3878447642#3915028298,1,0,20cc80_050
3979834731#2005664884,1,0,20cc80_050
102525471237#109172324563,1,0,20cc80_050
5103620556#5059493292,1,0,20cc80_050
6633389924#5075124648,1,0,20cc80_050
4274088675#2671772709,1,0,20cc80_050
3979682744#3979663695,1,0,20cc80_050
4808180492#156276503010,1,0,20cc80_050
114401992972#50016874555,1,0,20cc80_050
4279780621#3632891899,1,0,20cc80_050
1659804386#2119447541,1,0,20cc80_050
1712004928#1535646713,1,0,20cc80_050
4003389165#4214624671,1,0,20cc80_050
3267793376#4683128695,1,0,20cc80_050
5068270943#39074124372,1,0,20cc80_050
1955026154#2111818909,1,0,20cc80_050
1998358860#322313716889,1,0,20cc80_050
4359345477#4243154086,1,0,20cc80_050
4145496082#3946584694,1,0,20cc80_050
3052169593#3052760872,1,0,20cc80_050
4841234225#3691706852,1,-1,20cc80_050
4999204993#3267792927,0,1,20cc80_050
2087025558#2062233925,1,0,20cc80_050
4424722345#4999204837,0,1,20cc80_050
43182039587#8645214070,1,0,20cc80_050
544241990815#2111494388,1,0,20cc80_050
1708941558#3402256673,1,0,20cc80_050
4761512241#248352373136,0,1,20cc80_050
4201950906#3245634417,1,-1,20cc80_050
3401828702#3215754174,1,-1,20cc80_050
2062902494#2073958683,1,0,20cc80_050
4261169259#4255600579,1,-1,20cc80_050
3558421108#3797571274,1,0,20cc80_050
1690392435#3202650162,1,0,20cc80_050
9283556866#194754298019,1,-1,20cc80_050
4018768324#4624086112,1,0,20cc80_050
1810185303#2224193149,1,0,20cc80_050
3881831374#5083891634,1,-1,20cc80_050
4649888830#4081101808,1,0,20cc80_050
4392093932#4304580582,1,0,20cc80_050
4127437050#2125106599,1,0,20cc80_050
4133985654#76784498137,1,0,20cc80_050
54159697837#5158514600,1,0,20cc80_050
4808240601#4720990748,1,-1,20cc80_050
2011422795#3709910119,1,0,20cc80_050
4590104087#2296910026,1,0,20cc80_050
2150886701#1440645051,1,0,20cc80_050
3108657350#3912840540,1,0,20cc80_050
3747247759#2056703740,1,-1,20cc80_050
4999204993#4999204837,0,-1,20cc80_050
5196755485#23641510617,1,0,20cc80_050
4196030610#2977755545,1,0,20cc80_050
3881727524#4624558262,1,-1,20cc80_050
4808170837#574468673943,1,0,20cc80_050
76470034601#16826928982,1,0,20cc80_050
1715361146#1666737679,1,0,20cc80_050
1627677359#2068603286,1,0,20cc80_050
4491286629#4072428623,1,0,20cc80_050
4836895938#5163636978,0,-1,20cc80_050
1639169322#2061673701,1,-1,20cc80_050
3061084981#1861556379,1,0,20cc80_050
4436222774#4203146420,1,0,20cc80_050
418887222012#569491804341,1,0,20cc80_050
3638725857#4214872608,1,-1,20cc80_050
176077750624#201180045587,1,-1,20cc80_050
4189391263#4259837358,1,0,20cc80_050
3546199472#3470855139,1,0,20cc80_050
4117064632#4425600562,1,0,20cc80_050
398485485010#371921998418,1,0,20cc80_050
5078702464#1592595202,1,-1,20cc80_050
3829554374#4161509156,0,-1,20cc80_050
5021510219#4843658030,1,0,20cc80_050
1512655217#3045486706,1,-1,20cc80_050
5003714231#5182358949,1,0,20cc80_050
1688767039#1802468675,1,0,20cc80_050
5098812409#5050765983,1,-1,20cc80_050
2007329552#1816430010,1,0,20cc80_050
3045580653#3047028308,1,0,20cc80_050
4201800596#4283342406,1,-1,20cc80_050
4623955842#4636524355,1,0,20cc80_050
4623930569#135779450319,1,-1,20cc80_050
4666990747#4557843865,1,-1,20cc80_050
4758052328#248352373136,0,1,20cc80_050
3569752280#4212827921,1,-1,20cc80_050
417283434001#199679645647,1,-1,20cc80_050
3798189679#1568784013,1,-1,20cc80_050
57482538021#189641569958,1,0,20cc80_050
1848180229#1847939089,1,0,20cc80_050
4582141355#4787793905,1,-1,20cc80_050
523927727784#351410861143,1,-1,20cc80_050
5214349442#41958860915,1,0,20cc80_050
4828654874#4900124238,1,0,20cc80_050
3435281641#3414192937,1,0,20cc80_050
1951491884#2004718856,1,0,20cc80_050
3951041977#4506637171,1,0,20cc80_050
125323389433#201663692217,1,0,20cc80_050
4498417740#4897041544,1,-1,20cc80_050
4020730390#3774085428,1,0,20cc80_050
4444217370#4575536000,1,-1,20cc80_050
3633736951#5163636978,0,-1,20cc80_050
4038971285#226460833239,1,0,20cc80_050
4132467872#3881167105,1,0,20cc80_050
1798940576#3364587358,1,0,20cc80_050
2564918524#4636302616,1,0,20cc80_050
2060185500#2212287890,1,0,20cc80_050
1479236024#1371717862,1,0,20cc80_050
4636583527#4902984206,1,0,20cc80_050
3369184055#2078835030,1,0,20cc80_050
1835570826#2145127974,1,0,20cc80_050
1798868787#1800623713,1,0,20cc80_050
10063837217#96073555522,1,-1,20cc80_050
3829182480#3598098302,1,0,20cc80_050
196075727386#126501897635,1,-1,20cc80_050
4836895938#3633736951,1,0,20cc80_050
4108293691#4111411514,1,0,20cc80_050
2114672082#3236528834,1,0,20cc80_100
5205797148#5195792969,1,-1,20cc80_100
9746294364#24480297189,1,0,20cc80_100
2061891302#2065684660,1,0,20cc80_100
43182039587#8645214070,1,0,20cc80_100
4944579314#2296451977,1,-1,20cc80_100
4259837358#4189391263,1,0,20cc80_100
174536973430#72027744030,1,0,20cc80_100
2078835030#3369184055,1,0,20cc80_100
1544024229#1701622884,1,0,20cc80_100
14613397498#115305598750,1,-1,20cc80_100
3931049291#2118967459,1,0,20cc80_100
5132524109#80880840925,1,-1,20cc80_100
2039273909#2120460585,1,0,20cc80_100
190486841338#157726428514,1,-1,20cc80_100
4782070197#4362009020,1,0,20cc80_100
4622618621#2075611951,1,0,20cc80_100
104424571992#109165560395,1,-1,20cc80_100
2113758643#2066283173,1,0,20cc80_100
3402256673#1708941558,1,0,20cc80_100
4111948726#4436222774,1,0,20cc80_100
4296050182#4804117479,0,1,20cc80_100
3569752280#4072633407,1,0,20cc80_100
2150886701#1440645051,1,0,20cc80_100
2061673701#1639169322,1,-1,20cc80_100
1479236025#1320992608,1,0,20cc80_100
3587272157#4185479835,1,0,20cc80_100
4196030610#2977755545,1,0,20cc80_100
3540890830#4480479751,1,0,20cc80_100
1955028840#3715240690,1,0,20cc80_100
5064461558#4798031879,1,0,20cc80_100
4897454510#4897454823,0,1,20cc80_100
196075727386#2080829137,1,-1,20cc80_100
2058244019#1650205902,1,-1,20cc80_100
2120829109#2058829770,1,-1,20cc80_100
3363359717#3310391587,1,0,20cc80_100
2114582549#2098264088,1,0,20cc80_100
92980189383#65334336497,1,0,20cc80_100
4897454510#2112576214,1,0,20cc80_100
2092174215#1712004928,1,0,20cc80_100
156274791893#1639211797,1,0,20cc80_100
4808180492#156276503010,1,0,20cc80_100
1639325148#1483087858,0,1,20cc80_100
2070082834#1303895377,1,0,20cc80_100
5003601219#146011948003,0,1,20cc80_100
38406123057#28375457127,1,0,20cc80_100
3751925404#4218497169,1,-1,20cc80_100
4570854068#4444217370,1,0,20cc80_100
4451342539#4897454517,1,0,20cc80_100
3273063851#3208519381,1,-1,20cc80_100
4771574473#4805480117,1,0,20cc80_100
156276506111#4790633062,1,0,20cc80_100
3312850726#3477269873,1,0,20cc80_100
212394033260#189546061243,1,-1,20cc80_100
3052760872#18467114905,1,-1,20cc80_100
4202066092#4129162806,1,0,20cc80_100
4057426755#4228846634,1,-1,20cc80_100
1838279448#1319944364,1,0,20cc80_100
4059739993#4055248016,1,-1,20cc80_100
4223934140#4070427569,1,0,20cc80_100
4688059168#4620692923,1,0,20cc80_100
3986761734#3997209484,1,-1,20cc80_100
4933360994#1639436942,1,0,20cc80_100
1758860111#2092902079,1,0,20cc80_100
2671772709#1415967493,1,0,20cc80_100
2058300923#4005134611,1,0,20cc80_100
187508564338#185272730170,1,0,20cc80_100
4649888830#4081101808,1,0,20cc80_100
1806561207#1560035338,1,0,20cc80_100
1916278501#1946205278,1,0,20cc80_100
181538012782#496521096781,1,-1,20cc80_100
14613456345#5034418388,1,0,20cc80_100
4241708658#3899537566,1,0,20cc80_100
5206381674#2122321853,1,-1,20cc80_100
3798241612#4636336252,1,0,20cc80_100
1903466347#1944864795,1,0,20cc80_100
25244788647#5153549890,1,-1,20cc80_100
4214872608#4090058847,1,-1,20cc80_100
2136267751#1306851139,1,0,20cc80_100
2037536844#1431930648,1,0,20cc80_100
5031737131#4787793905,1,-1,20cc80_100
3673320803#3648876859,1,0,20cc80_100
5036257527#432186301962,1,0,20cc80_100
5105762298#97667398900,1,0,20cc80_100
1491915310#1391856996,1,0,20cc80_100
1639324466#1483087858,0,1,20cc80_100
1817930623#1671508853,1,-1,20cc80_100
29608029868#29299331674,1,0,20cc80_100
2140613695#2060185500,1,0,20cc80_100
18467884796#1639324466,1,0,20cc80_100
1872021162#3717616592,1,0,20cc80_100
53031105193#25274104500,1,-1,20cc80_100
2723807031#2063878463,1,0,20cc80_100
1816430010#1965402836,1,0,20cc80_100
1770010645#2111818909,1,0,20cc80_100
2079047529#3835111671,1,0,20cc80_100
3461052410#3293529356,1,0,20cc80_100
109165554235#118070584085,1,0,20cc80_100
2068611560#2056478070,0,1,20cc80_100
5185245258#91686025987,1,0,20cc80_100
1715823964#2056125081,1,-1,20cc80_100
3062834380#2127640300,1,0,20cc80_100
3951758170#3777477963,1,0,20cc80_100
66891007246#82852791222,1,0,20cc80_100
18467884796#1639211797,0,1,20cc80_100
4214624671#4715649755,1,-1,20cc80_100
156276503685#4808238795,1,-1,20cc80_100
1443062561#1504573505,1,-1,20cc80_100
3259633459#1406287581,1,0,20cc80_100
4024663252#4179962087,1,-1,20cc80_100
3077087503#1655181900,1,-1,20cc80_100
4296050182#3946838650,0,1,20cc80_100
56219757815#59450173714,1,-1,20cc80_100
3477040043#3369949045,1,0,20cc80_100
1802565997#1776613381,1,-1,20cc80_100
2070627808#2297009298,1,0,20cc80_100
3489015648#3492420921,1,0,20cc80_100
35692987628#82325773100,1,0,20cc80_100
3467577097#2058146812,1,0,20cc80_100
2614561549#2640338192,1,-1,20cc80_100
3927421684#3943727201,1,0,20cc80_100
3108657350#4998365450,1,0,20cc80_100
1415683857#3915232509,1,-1,20cc80_100
1483087858#1639211797,0,1,20cc80_100
2123100264#3961709889,1,0,20cc80_100
4720990747#4808240616,1,0,20cc80_100
2061329445#2065643900,1,-1,20cc80_100
3042374746#3056885390,1,0,20cc80_100
5113189662#5062472541,1,0,20cc80_100
4289060913#4247327585,1,0,20cc80_100
2073647468#1639274792,1,0,20cc80_100
5095671230#5031212489,1,0,20cc80_100
1527556764#1387931444,1,0,20cc80_100
3549407295#3546199472,1,0,20cc80_100
4004949751#4065822446,1,0,20cc80_100
4191026566#4157288963,1,0,20cc80_100
4003212073#3976610099,1,-1,20cc80_100
4462390215#3914910336,1,0,20cc80_100
1590547354#1665894324,0,1,20cc80_100
520679568770#5177286260,1,-1,20cc80_100
4269260584#36615146939,1,0,20cc80_100
1479236023#1479238948,1,0,20cc80_100
4404827138#4316370583,1,-1,20cc80_100
4215058789#3319075608,1,0,20cc80_100
4683019723#4705563490,1,0,20cc80_100
146011953933#4713374301,1,0,20cc80_100
4514039764#4971974956,1,0,20cc80_100
1372557160#3077309817,1,-1,20cc80_100
57482538021#85562682725,1,0,20cc80_100
1665894324#1656969937,0,1,20cc80_100
4590203868#4432559900,1,-1,20cc80_100
3946838650#4804117479,1,0,20cc80_100
3693891469#4111350011,1,0,20cc80_100
4589896053#4307001457,1,0,20cc80_100
3020259850#3393654804,1,0,20cc80_100
2055771737#2066302302,1,-1,20cc80_100
3471203285#3475310737,1,0,50cc50_000
3576237842#2058575359,1,0,50cc50_000
102363039688#4843658030,1,-1,50cc50_000
54163135140#5208375738,1,0,50cc50_000
4593095273#4593095271,1,0,50cc50_000
3054434630#1416629632,1,0,50cc50_000
4165910360#1372181647,1,-1,50cc50_000
5066791121#54163685093,1,0,50cc50_000
4836816015#4538068355,1,0,50cc50_000
4848821942#4704351814,1,0,50cc50_000
4683128792#4541783818,1,0,50cc50_000
113560958124#117756682724,1,0,50cc50_000
4037072294#4649435459,1,0,50cc50_000
1512751759#2067590020,1,0,50cc50_000
1415628286#3799008310,1,0,50cc50_000
52270761597#4289304207,0,1,50cc50_000
3509208588#4809373098,1,0,50cc50_000
97245307190#4420971543,1,0,50cc50_000
1760643058#1759667553,1,0,50cc50_000
4874906617#1955038585,0,-1,50cc50_000
3707618845#3731893848,1,0,50cc50_000
1437868238#2070908678,1,0,50cc50_000
3048645827#3044853716,1,0,50cc50_000
3860598463#2168024759,1,0,50cc50_000
1312624571#2057336614,1,0,50cc50_000
3060181630#1537439376,1,0,50cc50_000
64521537843#4636207067,1,0,50cc50_000
4145921553#3906316464,1,0,50cc50_000
335140369784#212932071327,1,0,50cc50_000
2180548061#3055420907,1,0,50cc50_000
5137789006#2280334878,1,-1,50cc50_000
3458373106#1802184127,1,0,50cc50_000
4572426635#5018444082,1,0,50cc50_000
2059400301#2063718969,1,-1,50cc50_000
2115312686#2073958683,1,0,50cc50_000
4410510890#4094371021,1,-1,50cc50_000
2068463319#1711900697,1,0,50cc50_000
3303709815#4972452242,1,0,50cc50_000
3507037385#4704351852,1,0,50cc50_000
1854625863#2147107185,1,0,50cc50_000
4635484607#4501513393,1,0,50cc50_000
1608452100#1504338841,1,0,50cc50_000
54353744279#5080010232,1,0,50cc50_000
3920807098#3257238638,1,0,50cc50_000
18469239595#4636583527,1,0,50cc50_000
4699492658#183335874583,1,0,50cc50_000
4683128695#3768335626,1,0,50cc50_000
153095594519#97057702438,1,-1,50cc50_000
4214739605#4218561827,1,-1,50cc50_000
3967289494#3403976708,1,0,50cc50_000
422592070627#361264235472,1,0,50cc50_000
4432515343#4273230232,1,0,50cc50_000
4242848533#4723478356,1,-1,50cc50_000
2057644498#4506526795,1,0,50cc50_000
6633411855#4206039345,1,0,50cc50_000
4741125055#3053521973,1,0,50cc50_000
1923282767#2114196661,1,0,50cc50_000
4241401560#4191138952,1,0,50cc50_000
3930922591#4448156610,1,0,50cc50_000
4354201228#1955038585,1,0,50cc50_000
4721049406#1406235976,1,-1,50cc50_000
4808687386#5174571094,1,-1,50cc50_000
3072564493#3045573162,1,0,50cc50_000
4721008558#3891995505,1,-1,50cc50_000
1919936224#3568392235,1,0,50cc50_000
2062736546#2059400848,1,0,50cc50_000
2152065366#2057643160,1,0,50cc50_000
4041026262#2174689695,1,0,50cc50_000
3764168689#4457940843,1,0,50cc50_000
3545638010#4876377759,1,-1,50cc50_000
4475471841#4196027218,1,0,50cc50_000
4157495788#1452953298,1,0,50cc50_000
3938344378#1751365895,1,-1,50cc50_000
4555602784#41965445982,1,0,50cc50_000
4687908846#4672315773,1,0,50cc50_000
113940347013#18956333945,1,0,50cc50_000
1485299019#1498144447,1,0,50cc50_000
4628227983#4605074002,1,0,50cc50_000
4658457718#4271210979,1,-1,50cc50_000
1765891797#1715995645,1,0,50cc50_000
2054734151#2057143127,1,0,50cc50_000
3046086497#2059400382,1,0,50cc50_000
4878268441#3419657611,1,0,50cc50_000
4874906617#336084797451,0,1,50cc50_000
2079345854#178981851962,1,-1,50cc50_000
4038687308#3711672367,1,0,50cc50_000
25271558033#336084797451,1,0,50cc50_000
3033453452#4883413805,1,0,50cc50_000
393149434328#25123048102,1,0,50cc50_000
4218561827#4904481611,0,1,50cc50_000
212932071631#335237884835,1,0,50cc50_000
1847751521#1659788876,1,0,50cc50_000
329718595140#301920897506,1,0,50cc50_000
2054142391#3236199283,1,0,50cc50_000
1241054990#1775476124,1,0,50cc50_000
4676945807#4730651453,1,-1,50cc50_000
4697017334#4697654812,1,0,50cc50_000
1849136332#155972603815,1,-1,50cc50_000
5059493292#5070652659,1,-1,50cc50_000
1709016493#3392381011,1,0,50cc50_000
4329191389#4385543508,1,0,50cc50_000
4959519221#4780916943,1,-1,50cc50_000
4867525539#4354163603,1,0,50cc50_000
4384418878#4346498056,1,0,50cc50_000
4755317093#4742629929,1,-1,50cc50_000
3249295279#3087065427,1,0,50cc50_000
1751364887#2075941248,1,-1,50cc50_000
3563396042#4024788228,1,0,50cc50_000
5063230149#5061207560,1,-1,50cc50_000
29751233083#4081685031,1,0,50cc50_000
5054957764#5081037246,1,0,50cc50_000
2247165276#2112634689,1,-1,50cc50_000
1711687490#4037118803,1,0,50cc50_000
3304467506#3419433581,1,0,50cc50_000
1401982699#1639385502,1,0,50cc50_000
4330455313#4373986045,1,0,50cc50_000
2055878958#2055878959,1,0,50cc50_000
2058129030#2068446331,1,-1,50cc50_000
2081856411#2063327692,1,0,50cc50_000
4123815194#4771327918,1,0,50cc50_000
2058128859#2057019568,1,0,50cc50_000
1650171815#1950837411,1,-1,50cc50_000
1712080073#3077641865,1,0,50cc50_000
4813716345#4874906617,1,0,50cc50_000
2177411281#5074793221,1,0,50cc50_000
1628142292#4575208945,0,1,50cc50_000
4752061423#1628142292,0,1,50cc50_000
1665941990#1384521138,1,-1,50cc50_000
4514032938#4113335248,1,-1,50cc50_000
3899203698#3928874644,1,0,50cc50_000
2117980081#4401274222,1,-1,50cc50_000
4683128792#5137789006,0,1,50cc50_000
3749873906#4271210979,0,1,50cc50_000
3842666513#3979682744,1,0,50cc50_000
3790156301#4146072324,1,0,50cc50_000
2066611159#2159452221,1,0,50cc50_000
66983983936#5212053939,1,0,50cc50_000
361450260462#186973639403,0,1,50cc50_000
4204386191#4387192350,1,0,50cc50_000
2056507060#1995007743,1,0,50cc50_000
191669248330#90489182348,1,-1,50cc50_000
3747074740#2056703740,1,0,50cc50_000
1451127433#2004650934,1,0,50cc50_000
2723629064#141222595817,1,0,50cc50_000
4273126171#3997203055,1,0,50cc50_000
4571112607#3749873906,1,0,50cc50_000
3043046316#1565912494,1,0,50cc50_000
19216062361#97115450346,1,0,50cc50_000
249039268558#18466071844,1,0,50cc50_000
1787836721#3049961545,1,0,50cc50_000
1492219642#2055885530,1,0,50cc50_000
3708976648#2615156599,1,0,50cc50_050
2640338192#3290768654,1,0,50cc50_050
109165560395#150594502346,1,0,50cc50_050
2296574953#2068611560,1,0,50cc50_050
2744122330#4457149562,1,0,50cc50_050
190662008501#202083551880,1,0,50cc50_050
4612302183#4203062441,1,0,50cc50_050
1709836734#2136267751,1,0,50cc50_050
3287136295#2181531828,1,0,50cc50_050
4059739506#4116715778,1,0,50cc50_050
4635899864#4623955861,1,0,50cc50_050
54160155723#4019678912,1,-1,50cc50_050
54158063899#3610178183,1,-1,50cc50_050
2079580923#3082042195,1,0,50cc50_050
1431930648#2037536844,1,0,50cc50_050
5102675634#18466375636,1,-1,50cc50_050
3629081901#4668248026,1,0,50cc50_050
1872011272#3717616592,1,0,50cc50_050
4264534612#4264634558,1,0,50cc50_050
3633114696#6633358861,1,0,50cc50_050
1759205074#2067590404,1,0,50cc50_050
4272953638#4273519745,1,0,50cc50_050
5197250019#2101227068,1,0,50cc50_050
62533690929#66891007246,1,0,50cc50_050
3289002540#4150903702,1,0,50cc50_050
23593454505#1955012315,1,-1,50cc50_050
150594495671#117154450703,1,-1,50cc50_050
90189177932#69055007639,1,0,50cc50_050
3927040910#2057186168,1,0,50cc50_050
3364587358#3913210887,1,0,50cc50_050
4941134416#5090005176,1,0,50cc50_050
4867525539#4354163617,1,0,50cc50_050
4529171947#4226781300,1,0,50cc50_050
4623324616#1372181647,1,-1,50cc50_050
4938744224#4435836422,1,0,50cc50_050
3487828519#3501281334,1,0,50cc50_050
3045169703#18468022060,1,-1,50cc50_050
5078702464#4199527734,1,0,50cc50_050
1712004928#2092174215,1,0,50cc50_050
3962069458#4623978044,1,-1,50cc50_050
4429667301#29103099346,1,0,50cc50_050
1929467433#3033447588,1,-1,50cc50_050
167570408533#190486841338,1,-1,50cc50_050
2180579787#3287136303,1,0,50cc50_050
2057536594#1541915947,1,0,50cc50_050
3882168316#4004633045,1,0,50cc50_050
3042374102#3072564418,1,-1,50cc50_050
102180093107#156276601653,1,-1,50cc50_050
1389018108#1541794055,1,-1,50cc50_050
1902954948#4212827921,1,0,50cc50_050
4643805223#2048870562,1,0,50cc50_050
4373986045#4285651704,1,0,50cc50_050
4807598946#4867751970,1,0,50cc50_050
1693960182#1590545992,1,0,50cc50_050
3054434630#1416629632,1,0,50cc50_050
88520940864#90189178714,0,1,50cc50_050
3435281641#3304467506,1,0,50cc50_050
13389301105#41965445982,1,0,50cc50_050
3926916973#2277829162,1,0,50cc50_050
181358260931#8609591019,1,0,50cc50_050
2068611560#2056478070,0,1,50cc50_050
4933360994#1639436942,1,0,50cc50_050
4813716345#4874906617,1,0,50cc50_050
3290843988#3230703164,1,0,50cc50_050
3931049291#2118967459,1,0,50cc50_050
1305945791#2306327656,1,0,50cc50_050
2055608440#2054734151,1,0,50cc50_050
1952051609#1848719127,1,0,50cc50_050
4291077418#4188977524,1,0,50cc50_050
2059397275#3077307902,1,0,50cc50_050
2010425525#3072527640,1,0,50cc50_050
5098812067#5034412454,1,-1,50cc50_050
3712213597#4111406344,1,0,50cc50_050
4813716345#4354201228,0,1,50cc50_050
52308312082#75267388021,1,0,50cc50_050
2067534525#2063888292,1,0,50cc50_050
3920807098#3429527333,1,-1,50cc50_050
5122767609#3202641160,0,1,50cc50_050
4196030610#4623972834,1,0,50cc50_050
3979884544#4185479835,1,-1,50cc50_050
4667335909#4730947102,1,0,50cc50_050
29608029868#29299331674,1,0,50cc50_050
4755216808#4809064482,1,0,50cc50_050
1479236023#1711703532,1,0,50cc50_050
2059400154#1372178479,1,0,50cc50_050
3997209484#3986761734,1,-1,50cc50_050
31657249259#4874906617,0,1,50cc50_050
1805614122#3041186060,1,0,50cc50_050
28375457127#38406123057,1,0,50cc50_050
48384062571#49857216438,1,-1,50cc50_050
1389154734#3077743360,1,-1,50cc50_050
302839388028#487072504294,1,0,50cc50_050
2063941641#4535937748,1,-1,50cc50_050
1592252801#1995007743,1,0,50cc50_050
68727484174#90189177809,1,0,50cc50_050
4746833482#2062122607,0,1,50cc50_050
4218561827#4082182753,1,0,50cc50_050
4624517252#4062424365,1,0,50cc50_050
2057082510#4889965062,1,0,50cc50_050
4540676462#4491307779,1,-1,50cc50_050
5122767609#4965685047,0,1,50cc50_050
88520940864#90189177809,0,1,50cc50_050
69054982841#88520940864,1,0,50cc50_050
4435666805#4165283827,0,1,50cc50_050
5196417840#4516329204,1,0,50cc50_050
5022076775#4316370583,1,-1,50cc50_050
4585413933#1882949681,1,0,50cc50_050
210012116583#135707428689,1,-1,50cc50_050
2108699584#2114326156,1,0,50cc50_050
2007329552#1965402836,1,0,50cc50_050
4289060913#4277815885,1,-1,50cc50_050
4001709701#2027684481,1,0,50cc50_050
14613476507#3363374241,1,0,50cc50_050
3062884266#2127640300,1,0,50cc50_050
156275809937#2359435242,1,-1,50cc50_050
4165283827#2113270608,0,1,50cc50_050
329798453133#3707618845,1,0,50cc50_050
2058494409#1349608070,1,-1,50cc50_050
1611432328#2038238076,1,0,50cc50_050
6633440508#5034887015,1,0,50cc50_050
3287136296#2183428945,1,0,50cc50_050
1955032383#1774643505,1,0,50cc50_050
4593095274#4572325313,1,0,50cc50_050
1309241819#1309241821,1,0,50cc50_050
3404236704#1485299018,1,0,50cc50_050
245814065042#379478718058,1,0,50cc50_050
4790633062#156276506111,1,0,50cc50_050
4384418878#2133663760,1,0,50cc50_050
69055886795#87008148161,1,0,50cc50_050
2061946625#4813716345,0,1,50cc50_050
3081749686#2061674343,1,-1,50cc50_050
1785937268#1760226057,1,0,50cc50_050
4797165759#3641396498,1,0,50cc50_050
4082003885#97875580425,1,-1,50cc50_050
4041026262#4065734118,1,-1,50cc50_050
4165283827#2050429391,1,0,50cc50_050
90189178714#69054998391,1,0,50cc50_050
1785334661#1955030813,1,0,50cc50_050
4900256072#4749417182,1,0,50cc50_050
1485301223#1391856996,1,0,50cc50_050
5090005101#4898730811,1,-1,50cc50_050
156276601478#14613455236,1,0,50cc50_050
2146061466#3887327251,1,0,50cc50_050
3711116048#3747287828,1,0,50cc50_050
20439984991#4162055411,1,0,50cc50_050
2183963548#2026258516,1,0,50cc50_050
418215123949#226460833239,1,0,50cc50_050
1650171815#2224193149,1,0,50cc50_050
2070030589#3033453452,1,0,50cc50_050
2297009298#2070627808,1,0,50cc50_050
43182039587#5210339793,1,0,50cc50_050
3946584694#4145496082,1,0,50cc50_050
5185245258#91686025987,1,0,50cc50_050
1479236025#1320992608,1,0,50cc50_050
25271558033#31657249259,1,-1,50cc50_050
3927439605#4065795437,1,0,50cc50_050
5185529426#2009723716,1,0,50cc50_050
18465765293#4808180492,1,0,50cc50_050
3477028783#3442901956,1,0,50cc50_050
4623434856#4327730515,1,0,50cc50_050
3712801411#4495044650,1,-1,50cc50_050
2065121798#4944579314,1,0,50cc50_050
1316070485#1929601246,1,0,50cc50_050
4292931987#1312745457,1,0,50cc50_050
4720990747#4808240616,1,0,50cc50_050
4590123310#3576237842,1,0,50cc50_050
1479236027#1320992610,1,0,50cc50_050
1533725661#1523991651,1,-1,50cc50_050
1320992610#1479606018,0,1,50cc50_050
1920884120#187961304511,0,1,50cc50_050
1914706723#1878732185,1,0,50cc50_100
1479236024#1371717862,1,0,50cc50_100
4435393512#5209201860,1,0,50cc50_100
18468040932#5205831892,1,0,50cc50_100
109765155485#109165560395,1,-1,50cc50_100
4804117479#3946838650,1,0,50cc50_100
4033211157#4081237414,1,0,50cc50_100
2070686849#1906908670,0,1,50cc50_100
4591664277#4792331959,1,0,50cc50_100
3052169593#3052760872,1,0,50cc50_100
6015919609#2296574953,1,0,50cc50_100
4636041770#2113712804,1,0,50cc50_100
1709836734#2135391712,1,0,50cc50_100
1590547354#1665894324,0,1,50cc50_100
4623199084#18467620471,1,0,50cc50_100
1635546537#3551952832,1,0,50cc50_100
4509158303#4391919171,1,0,50cc50_100
3046447657#4206274527,1,0,50cc50_100
3976610099#3991704859,1,-1,50cc50_100
2098280462#3032272328,1,0,50cc50_100
90189177932#88520940864,0,1,50cc50_100
5174606958#10553947604,1,0,50cc50_100
2132795383#1885490974,1,0,50cc50_100
3041186060#1805614122,1,0,50cc50_100
4165283827#4435666805,0,1,50cc50_100
1660411271#2119493181,1,0,50cc50_100
4188977524#4291077418,1,0,50cc50_100
18469192585#14613464473,1,0,50cc50_100
165376540325#190161454564,1,0,50cc50_100
2113505781#4636508851,1,0,50cc50_100
4808238795#4720990752,1,0,50cc50_100
3077905761#2947790103,1,0,50cc50_100
2296451977#4944507977,1,0,50cc50_100
4529171947#4226781300,1,0,50cc50_100
4296050182#4804117479,0,1,50cc50_100
1479236027#1425289196,1,0,50cc50_100
1639325148#18467882961,1,0,50cc50_100
2057342439#3494236195,1,0,50cc50_100
4261185678#4897454517,1,0,50cc50_100
90189178714#88520940864,0,1,50cc50_100
4683019723#4705563490,1,0,50cc50_100
4720990747#4808240616,1,0,50cc50_100
3042374746#3056885390,1,0,50cc50_100
1965402836#1816430010,1,0,50cc50_100
4181867888#3200262090,1,-1,50cc50_100
14613588147#4777051438,1,0,50cc50_100
3927040910#2057186168,1,0,50cc50_100
29607898384#29299331674,1,0,50cc50_100
156274815378#1639324466,1,0,50cc50_100
1639325148#4623199084,0,1,50cc50_100
2057082510#18468847224,1,-1,50cc50_100
2067534525#2060575761,1,0,50cc50_100
156276503010#4808180492,1,0,50cc50_100
90189177809#88520940864,0,1,50cc50_100
4658956014#1875282048,1,0,50cc50_100
1479238948#1371717862,0,1,50cc50_100
4195960848#3946584694,1,0,50cc50_100
4435792377#4256484724,1,0,50cc50_100
4828654874#4900124238,1,0,50cc50_100
138960910846#156274772298,1,-1,50cc50_100
4623199084#1639211797,0,1,50cc50_100
3741385724#3575171441,1,0,50cc50_100
2340035845#3075628047,1,0,50cc50_100
5153549890#25244788647,1,-1,50cc50_100
487072504294#302839388028,1,0,50cc50_100
2744122330#4457149562,1,0,50cc50_100
3628839717#3436663620,0,1,50cc50_100
2059109005#4274088677,1,0,50cc50_100
1774582761#2063839578,1,-1,50cc50_100
1987142430#3728447268,1,-1,50cc50_100
201204584648#185272730170,1,0,50cc50_100
3915411982#4254790910,1,0,50cc50_100
2051966916#2058663075,1,0,50cc50_100
3951061982#4506637171,1,0,50cc50_100
1546017096#1715823964,1,-1,50cc50_100
2183428945#2119388082,1,-1,50cc50_100
4077473357#4435837459,1,0,50cc50_100
3045782033#2115699256,1,0,50cc50_100
18466913739#4790633062,1,0,50cc50_100
1387931444#1421431863,1,0,50cc50_100
4280544295#4247327585,1,-1,50cc50_100
1667032703#2057703907,1,0,50cc50_100
4623199084#1639324466,0,1,50cc50_100
1386596352#1634250118,1,0,50cc50_100
4804118400#4168332323,1,0,50cc50_100
2050429375#4165283827,0,1,50cc50_100
1541915947#1784914445,1,-1,50cc50_100
117873856741#130736997137,1,0,50cc50_100
2077202780#2039273909,1,0,50cc50_100
3551952826#1635546537,0,1,50cc50_100
6015919609#2056478070,0,1,50cc50_100
25405387739#4716857454,1,0,50cc50_100
3045566056#3072564418,1,0,50cc50_100
120204740541#4774992939,0,1,50cc50_100
1485301223#1391856996,1,0,50cc50_100
4553975833#4782070197,1,0,50cc50_100
1654102057#1665894324,0,1,50cc50_100
1656969942#1654102057,0,1,50cc50_100
1371717862#1320992608,0,1,50cc50_100
3501281334#4065797638,1,0,50cc50_100
1711846546#2159160651,1,0,50cc50_100
4285491837#4316999082,1,0,50cc50_100
3689802081#3673320803,1,0,50cc50_100
44498925795#9062983415,1,0,50cc50_100
586488148831#309312102749,1,-1,50cc50_100
2048870562#2074716061,1,0,50cc50_100
4435564795#1320113949,1,0,50cc50_100
5162703470#5185245258,1,0,50cc50_100
2118967459#3931049291,1,0,50cc50_100
2127640300#3062834380,1,0,50cc50_100
5206381674#5172721151,1,0,50cc50_100
87008148161#68727490330,1,0,50cc50_100
1372557160#3045486706,1,0,50cc50_100
4768693982#121528725386,1,0,50cc50_100
2057155052#2163049577,1,0,50cc50_100
3400225309#3232083339,1,0,50cc50_100
1319944364#1838279448,1,0,50cc50_100
29298304831#38406123057,1,0,50cc50_100
3540890830#4480479751,1,0,50cc50_100
3259633459#2066363395,1,0,50cc50_100
4150903563#3798429541,1,0,50cc50_100
4636041774#2098402937,1,0,50cc50_100
4165283827#2218941944,1,0,50cc50_100
2339749085#1537709306,1,0,50cc50_100
156274791893#1639211797,1,0,50cc50_100
1770010645#2111818909,1,0,50cc50_100
88520940864#69054982841,1,0,50cc50_100
4642512906#4944512773,1,0,50cc50_100
2183963548#2026258516,1,0,50cc50_100
14613476507#2057082463,1,0,50cc50_100
4711180581#4717095137,1,0,50cc50_100
3369949045#3477040043,1,0,50cc50_100
4212827921#1902954948,1,0,50cc50_100
4159029866#3032272329,1,0,50cc50_100
2070627808#6015536211,1,0,50cc50_100
3056321676#2113758643,1,0,50cc50_100
342898906861#3083904084,1,-1,50cc50_100
2062332927#1955282013,1,0,50cc50_100
1868036845#1868814296,1,0,50cc50_100
2056478070#2296574953,0,1,50cc50_100
1425289196#1320992611,0,1,50cc50_100
156275809937#2359435242,1,-1,50cc50_100
190330815066#135707428689,1,-1,50cc50_100
90189177932#69607734288,1,0,50cc50_100
90189178714#69607725939,1,0,50cc50_100
1349608070#2058494409,1,-1,50cc50_100
1872011272#3708061579,1,0,50cc50_100
4623788579#4436356008,1,0,50cc50_100
120204740541#4444948728,1,0,50cc50_100
2061891302#2065684660,1,0,50cc50_100
1830661655#1813327174,1,0,50cc50_100
2756949375#1514159826,1,0,50cc50_100
3555205657#3287805133,1,0,50cc50_100
4015185289#3997209484,1,-1,50cc50_100
3946838650#4296050182,0,1,50cc50_100
4636354282#18468082722,1,0,50cc50_100
2054817755#2119467444,1,0,50cc50_100
4897862520#4735716172,1,0,50cc50_100
3077307902#2061947277,1,-1,50cc50_100
3698546468#4564517044,1,-1,50cc50_100
3945370752#4191026566,1,0,50cc50_100
3633114696#4655118040,1,0,80cc20_000
3920807098#3257238638,1,0,80cc20_000
3301628409#3467124013,1,0,80cc20_000
2459935330#1314318421,1,0,80cc20_000
4283871990#1418076289,1,0,80cc20_000
3926916973#2118343024,1,0,80cc20_000
2150036453#3293868386,1,0,80cc20_000
397535266252#492315626953,1,-1,80cc20_000
4037072294#3438816546,1,0,80cc20_000
2118343114#1372178479,1,0,80cc20_000
1639859238#4839116720,1,0,80cc20_000
1393978070#1701502009,1,0,80cc20_000
141222615628#203971666705,1,0,80cc20_000
4444196403#4273495849,1,0,80cc20_000
2118343045#1711995496,1,0,80cc20_000
4492809342#4206177456,1,0,80cc20_000
2060575805#1328713620,1,0,80cc20_000
2068979765#3633533062,1,0,80cc20_000
4717447489#2062122607,0,1,80cc20_000
54163685093#5066791121,1,0,80cc20_000
2066509476#3093229304,1,0,80cc20_000
4441056785#4057371579,1,0,80cc20_000
1915755042#2056054806,1,0,80cc20_000
3964333871#1728174551,1,0,80cc20_000
4285435367#3915028298,1,0,80cc20_000
54162860059#1506416355,1,0,80cc20_000
2055885528#1485299448,1,0,80cc20_000
4813716345#4746512285,1,-1,80cc20_000
4387192350#3937838359,1,0,80cc20_000
1592249119#2054734151,1,0,80cc20_000
5090005176#4214739605,0,-1,80cc20_000
1437868238#2070908678,1,0,80cc20_000
1950837411#1810185303,1,0,80cc20_000
4298588573#4668248026,1,0,80cc20_000
2010425525#3072527640,1,0,80cc20_000
4704351814#5053698926,1,0,80cc20_000
2625020262#1646111781,1,0,80cc20_000
5046655373#4113335248,1,0,80cc20_000
23450012565#4719266320,1,0,80cc20_000
3475310737#3494646727,1,0,80cc20_000
4526617809#3709672083,1,0,80cc20_000
2138727017#1431837978,1,0,80cc20_000
4726067654#4679556582,1,0,80cc20_000
4001640647#1391108904,1,0,80cc20_000
2054657150#3979873043,1,0,80cc20_000
4295061736#4210985419,1,0,80cc20_000
2057336614#1312624571,1,-1,80cc20_000
4445134769#2058316913,1,0,80cc20_000
3860598463#3212722992,1,0,80cc20_000
4480087497#3926711754,0,1,80cc20_000
4285651704#4373986045,1,0,80cc20_000
4196516579#4087558268,1,0,80cc20_000
1659804386#3060181630,1,0,80cc20_000
4746512285#4542039020,0,-1,80cc20_000
4332430854#113940347013,1,0,80cc20_000
2079581946#2062777752,1,0,80cc20_000
3845653710#3816510804,1,-1,80cc20_000
4944832122#4439426144,1,0,80cc20_000
407321254565#394070493542,1,0,80cc20_000
31657249259#4746512285,0,1,80cc20_000
3618222408#4099060832,1,0,80cc20_000
1321353963#4893063505,1,0,80cc20_000
42074270076#10574444118,1,0,80cc20_000
4158629441#3845755569,1,0,80cc20_000
3938878589#3797571274,1,0,80cc20_000
335230005323#212932070423,1,0,80cc20_000
187850583866#1746426028,1,0,80cc20_000
2057145715#1995007743,1,0,80cc20_000
3114734058#2108617570,1,0,80cc20_000
4593095274#4589673799,1,0,80cc20_000
4201800596#4152195034,1,0,80cc20_000
3439202323#3404246292,1,0,80cc20_000
138961802927#335230007323,1,0,80cc20_000
4684230132#3764168689,1,0,80cc20_000
207032695430#211516813604,1,0,80cc20_000
4415632493#4514268207,1,0,80cc20_000
1504469558#1742685067,1,-1,80cc20_000
4325771526#2057566902,1,-1,80cc20_000
3528447762#4499163460,1,0,80cc20_000
4675263432#4498422001,1,0,80cc20_000
3951836421#2044181318,1,0,80cc20_000
1773082332#1927135903,1,0,80cc20_000
3961805889#3441006989,1,0,80cc20_000
156556736201#4426880471,1,-1,80cc20_000
4590034064#1497890852,1,0,80cc20_000
85384061690#18468424368,1,0,80cc20_000
4813716345#2061946625,0,1,80cc20_000
109769360804#143443080670,1,0,80cc20_000
1309258396#3400949384,1,0,80cc20_000
156277193948#2296560316,1,0,80cc20_000
3938125853#4651001595,1,0,80cc20_000
3048645894#3044853716,1,0,80cc20_000
2107271656#3818902121,1,0,80cc20_000
3404198756#2057634508,1,0,80cc20_000
4959321230#5018444082,1,0,80cc20_000
2056240035#3081747589,1,0,80cc20_000
2074747025#4290984960,1,0,80cc20_000
139619394191#79824982184,1,0,80cc20_000
2070915408#1688696995,1,0,80cc20_000
4254950922#4202041822,1,-1,80cc20_000
4455910772#4264655494,0,1,80cc20_000
2066625310#2123557663,1,0,80cc20_000
4476878387#3403976710,1,-1,80cc20_000
3419405027#3236071545,1,-1,80cc20_000
2235828707#1639155385,1,0,80cc20_000
4893420383#5087832312,1,0,80cc20_000
3756476323#3725874617,1,0,80cc20_000
54353744279#5066791120,1,0,80cc20_000
1731512148#2071810750,1,-1,80cc20_000
4622655287#5006573365,1,0,80cc20_000
2329115926#2257029041,1,0,80cc20_000
3475253393#2073591147,1,-1,80cc20_000
1498091249#4051773503,1,0,80cc20_000
4450624363#4442404182,1,0,80cc20_000
4506526792#4883979137,1,0,80cc20_000
5174562295#2111138171,1,0,80cc20_000
4716933437#2179966995,1,0,80cc20_000
3891995517#4568734964,1,0,80cc20_000
1415604956#1712044201,1,0,80cc20_000
2061609249#3113727219,1,0,80cc20_000
4572223100#4437686963,0,1,80cc20_000
2455628985#141222595817,1,0,80cc20_000
74413943621#85558863547,1,0,80cc20_000
5107794424#3026141475,1,0,80cc20_000
1636552632#1502507146,1,0,80cc20_000
3499050406#2119795881,1,-1,80cc20_000
3710757111#390474724805,1,0,80cc20_000
5174571094#4405820651,1,-1,80cc20_000
1410206420#2111146548,1,0,80cc20_000
4476079587#92368429738,1,-1,80cc20_000
1391855073#1726849895,1,0,80cc20_000
4145921553#3718660092,1,0,80cc20_000
4206294979#4465948199,1,0,80cc20_000
72738144006#4623425604,0,1,80cc20_000
1811606501#2056507210,1,0,80cc20_000
4259436644#1802227379,1,0,80cc20_000
2056226500#544241990815,1,0,80cc20_000
1451127432#1309241819,1,0,80cc20_000
2058389382#4233841850,1,0,80cc20_000
3892158791#3954647267,1,0,80cc20_000
1487880545#1487880547,1,0,80cc20_000
4293069425#4465895597,1,-1,80cc20_000
4943160331#528895744557,1,-1,80cc20_000
5110224221#4360968366,1,0,80cc20_000
41204352605#5194662073,0,1,80cc20_000
4728183172#4513941964,1,0,80cc20_000
1374772550#1701333923,1,0,80cc20_000
3293868386#4549189933,0,1,80cc20_000
4683128792#4541783818,1,0,80cc20_000
5194662073#10573596223,1,0,80cc20_000
41204352605#4719540762,1,0,80cc20_000
3881670110#37353468240,1,-1,80cc20_000
4683128792#4999204993,0,1,80cc20_000
2063780194#1401982678,1,0,80cc20_000
2118674361#3293868386,0,1,80cc20_000
3054434630#1416629632,1,0,80cc20_000
2055886100#2118850114,1,0,80cc20_000
4904481611#5090005176,1,-1,80cc20_000
1961624635#3749458600,1,0,80cc20_000
2756868325#2081856411,1,0,80cc20_000
2061712594#2152065366,1,0,80cc20_000
4264655494#4479564523,0,1,80cc20_000
2059500447#1512564701,1,0,80cc20_000
4696502795#3303709815,1,0,80cc20_000
1688741198#2066608237,1,0,80cc20_000
4717147193#4451212061,1,0,80cc20_000
3093229316#2452901483,1,0,80cc20_000
4218561827#4214739605,1,0,80cc20_000
3249295282#3214249594,1,0,80cc20_000
156117700215#5183940502,1,0,80cc20_000
3673230409#4383857081,1,0,80cc20_000
5124325410#117672347313,1,-1,80cc20_000
1487880541#1485299250,1,0,80cc20_000
2037039871#4573406193,1,-1,80cc20_000
1457252585#1639143131,1,0,80cc20_000
4636255129#72738144006,1,-1,80cc20_000
4200562007#3818902117,1,0,80cc20_000
4256816954#3991545309,1,-1,80cc20_000
1401982699#18468637596,1,0,80cc20_000
2064252516#3045715790,1,-1,80cc20_000
1816428069#3227376447,1,0,80cc20_050
4542039020#4761512241,0,1,80cc20_050
5014897285#4197138413,1,0,80cc20_050
4259429802#4260680249,1,0,80cc20_050
5169257472#18468580547,1,-1,80cc20_050
4272137501#2115151765,0,-1,80cc20_050
4285709211#4316999082,1,0,80cc20_050
1656969942#1654102057,0,1,80cc20_050
1316058339#1319944364,1,0,80cc20_050
156277514294#138963214044,1,0,80cc20_050
5018389488#5154681248,1,0,80cc20_050
4536450435#4439737347,1,0,80cc20_050
5087832312#5090005101,1,0,80cc20_050
1453532038#1646275700,1,0,80cc20_050
2977755545#4196030610,1,0,80cc20_050
117154450703#111110399548,1,0,80cc20_050
14613465315#4972894677,1,0,80cc20_050
3848611844#1711852573,1,0,80cc20_050
3401731422#3880409698,1,0,80cc20_050
4643718292#2056478070,1,0,80cc20_050
3603201749#4636446230,1,0,80cc20_050
4195960848#4145496082,1,0,80cc20_050
4223934140#4589820532,1,0,80cc20_050
1878732185#1914706723,1,0,80cc20_050
4022447951#4210985419,1,-1,80cc20_050
4643943359#2070627808,1,0,80cc20_050
2079581946#2070908197,1,0,80cc20_050
212771874474#187508564338,1,0,80cc20_050
2296574953#6015919609,1,-1,80cc20_050
4635981164#4623570105,1,0,80cc20_050
4435686270#580549064505,1,0,80cc20_050
2120155505#4272137501,1,0,80cc20_050
2115151765#2199135578,1,0,80cc20_050
4439737367#3525845999,1,0,80cc20_050
1743052872#2133358535,1,0,80cc20_050
3108657350#4998365450,1,0,80cc20_050
1709057480#1718471304,1,0,80cc20_050
3635733776#3691000538,1,0,80cc20_050
2054657150#2066509477,1,0,80cc20_050
2062045929#106964376935,1,0,80cc20_050
4200577198#202363939789,1,0,80cc20_050
1347237190#4623934568,1,0,80cc20_050
1318260275#2074458538,1,0,80cc20_050
4644140313#4613276653,1,0,80cc20_050
2604119334#54158093151,1,0,80cc20_050
2154491220#3114734058,1,0,80cc20_050
3075628047#3056067914,1,0,80cc20_050
4893633475#4523728345,1,-1,80cc20_050
70183897754#4439426144,1,0,80cc20_050
3772512066#4662042966,0,1,80cc20_050
212394033260#189546061243,1,-1,80cc20_050
4514269980#5090085713,1,-1,80cc20_050
3289002505#4150903563,1,0,80cc20_050
124021630369#21269204096,1,0,80cc20_050
4065795443#4291077418,1,0,80cc20_050
2183963548#2026258516,1,0,80cc20_050
2079572106#2064955879,0,1,80cc20_050
3754155310#4658620132,1,0,80cc20_050
2056478070#2296574953,0,1,80cc20_050
4811798618#121528725386,1,0,80cc20_050
4746512285#23230310067,0,1,80cc20_050
4929499262#4176217131,1,-1,80cc20_050
18469192585#14613464473,1,0,80cc20_050
2135316663#2066624968,1,0,80cc20_050
3967431643#1751364886,1,0,80cc20_050
1565912494#3889395495,1,-1,80cc20_050
4668248026#4298588573,1,0,80cc20_050
4027742647#3431879179,1,0,80cc20_050
1994805938#2281691154,0,-1,80cc20_050
4077473357#3446029032,1,0,80cc20_050
5067776785#178258449477,1,0,80cc20_050
3712801411#4495044650,1,-1,80cc20_050
1639390814#1712080073,1,0,80cc20_050
1701470611#2078835030,1,0,80cc20_050
2079572106#1639699607,0,1,80cc20_050
2124411604#2329543699,1,0,80cc20_050
4218561827#4214739605,1,0,80cc20_050
4223043910#4003298247,1,0,80cc20_050
5007075941#5018023921,1,0,80cc20_050
5003601219#146011948003,0,1,80cc20_050
1994805938#3347114660,1,0,80cc20_050
23230310067#4761512241,0,1,80cc20_050
3972924699#4040016243,1,0,80cc20_050
5169253299#18466210670,1,-1,80cc20_050
91686025987#5163452200,1,0,80cc20_050
4633378534#4748650954,1,0,80cc20_050
2067571192#4202041822,1,-1,80cc20_050
1765891797#2003710867,1,0,80cc20_050
4165585148#3709672083,1,0,80cc20_050
1635692869#2062045929,0,1,80cc20_050
2111818909#1770010645,1,0,80cc20_050
4285709207#4285491833,1,0,80cc20_050
376973981474#395685899087,1,0,80cc20_050
4972894326#14613464513,1,0,80cc20_050
2053826326#422592070627,1,0,80cc20_050
1326086493#5215138753,1,0,80cc20_050
3633572726#3550931655,1,0,80cc20_050
174007019522#110232280082,1,-1,80cc20_050
2148153592#2059400154,1,0,80cc20_050
4761512241#2254264382,0,1,80cc20_050
4662042966#4663785560,1,0,80cc20_050
4272137501#2199135578,0,-1,80cc20_050
2163049577#2114049002,1,0,80cc20_050
2338131041#1537709311,1,0,80cc20_050
3555205657#3287805133,1,0,80cc20_050
4973150488#14613466961,1,0,80cc20_050
29608029868#29299331674,1,0,80cc20_050
4642512906#4933360994,1,0,80cc20_050
1635692869#4851901157,1,0,80cc20_050
2159452221#2055886100,1,0,80cc20_050
173652977366#174006932062,1,-1,80cc20_050
4330455313#4353960088,1,0,80cc20_050
1882929309#3809186919,0,1,80cc20_050
5128222238#5183692300,1,0,80cc20_050
1816430010#2007329552,1,0,80cc20_050
1962074579#2056128836,1,0,80cc20_050
2079572106#1416827061,1,0,80cc20_050
1867262556#1867286717,1,0,80cc20_050
4595088087#156277207697,1,0,80cc20_050
3044853716#2066624973,1,0,80cc20_050
6015919609#2056478070,0,1,80cc20_050
4755359264#4735503306,1,0,80cc20_050
4444196403#4147080749,1,0,80cc20_050
2092610519#3809186919,1,0,80cc20_050
1457252585#1711687490,1,0,80cc20_050
14613461939#2455800880,1,0,80cc20_050
3727491058#2061022206,1,0,80cc20_050
2054657143#2452901483,1,0,80cc20_050
3501281334#4065797638,1,0,80cc20_050
4405676807#4339070553,1,-1,80cc20_050
4944579314#2296451977,1,-1,80cc20_050
3485676898#1816427364,1,0,80cc20_050
3403917033#3054434630,1,0,80cc20_050
4843831604#4797396841,1,0,80cc20_050
4589673799#4593095274,1,0,80cc20_050
14613461654#2455842713,1,0,80cc20_050
309312101477#314601953357,1,-1,80cc20_050
156274514359#2296493468,1,0,80cc20_050
3299599421#3124123344,1,0,80cc20_050
4157551094#4179651570,1,0,80cc20_050
3770456617#4354044382,1,0,80cc20_050
156276677247#14613460476,1,0,80cc20_050
2007847537#1541880573,1,-1,80cc20_050
4680203965#1570945860,0,1,80cc20_050
2281691154#4145588659,1,0,80cc20_050
2314360284#3860948251,1,-1,80cc20_050
125323389433#201663692217,1,0,80cc20_050
5185236541#18465721026,1,-1,80cc20_050
3896058143#3764759336,1,0,80cc20_050
3967431644#4687116172,1,0,80cc20_050
3669306485#5060996735,0,1,80cc20_050
1312695289#4570764341,1,0,80cc20_050
3501285885#4196521320,1,0,80cc20_050
4289086328#3836676657,1,0,80cc20_050
1882929309#2092610519,0,1,80cc20_050
1639832922#1437868238,1,0,80cc20_050
2275666316#2058148983,1,-1,80cc20_050
2281691154#3347114660,0,-1,80cc20_050
4663785560#4668248026,0,-1,80cc20_050
5174571094#4763332016,1,-1,80cc20_050
378133536273#75959618233,1,-1,80cc20_050
4202096119#3794247232,1,0,80cc20_050
4414530598#1696208496,1,0,80cc20_050
3435281641#3304467506,1,0,80cc20_050
3249354040#3629624977,0,1,80cc20_050
2057811649#1438483240,0,1,80cc20_050
2069139175#2112794415,1,-1,80cc20_050
1654102057#1665894324,0,1,80cc20_050
4401870234#4195993580,1,0,80cc20_050
2079572106#4635981164,0,1,80cc20_050
3404019551#3954668240,1,-1,80cc20_050
1810185303#1650171814,1,0,80cc20_050
3214249597#3214249595,1,0,80cc20_050
4998365450#3108657350,1,0,80cc20_100
4735432768#2057552209,1,0,80cc20_100
1316070394#1319944364,1,0,80cc20_100
4636143697#4945702240,1,0,80cc20_100
1416827061#1431851220,1,0,80cc20_100
4623972834#4196030610,1,0,80cc20_100
3934681694#4860360403,1,0,80cc20_100
14613461654#2455842713,1,0,80cc20_100
1830525975#1818675501,1,0,80cc20_100
208339001895#167570408533,1,-1,80cc20_100
4157551094#4179651570,1,0,80cc20_100
2059397275#3077307902,1,0,80cc20_100
1639325148#1483087858,0,1,80cc20_100
4020730390#4155642921,1,0,80cc20_100
156276503685#4808238795,1,-1,80cc20_100
3083904084#391306865273,1,-1,80cc20_100
81902710995#60367620373,1,0,80cc20_100
2113093450#4623017083,1,0,80cc20_100
4897454517#4261185678,1,0,80cc20_100
4548461997#4076081471,1,0,80cc20_100
1778563595#1727736761,1,0,80cc20_100
90189177932#69055007639,1,0,80cc20_100
4883922403#1318626251,1,-1,80cc20_100
4720990749#4808180492,1,-1,80cc20_100
1431930648#2112891471,1,0,80cc20_100
2113712804#4636041770,1,0,80cc20_100
1483087859#1639325148,0,1,80cc20_100
3978215502#3997209484,1,-1,80cc20_100
90189177809#88520940864,0,1,80cc20_100
5169252503#18465721026,1,-1,80cc20_100
1483087858#1639324466,0,1,80cc20_100
4768693982#121528725386,1,0,80cc20_100
3761484186#2057352941,1,0,80cc20_100
2051966916#2058663075,1,0,80cc20_100
1590547354#1665894324,0,1,80cc20_100
173652977366#174006932062,1,-1,80cc20_100
4774992939#135028851546,1,0,80cc20_100
2138881484#4636041774,1,0,80cc20_100
4623972652#1640284457,1,0,80cc20_100
2058531416#4254790911,0,1,80cc20_100
1403216308#1684806079,1,0,80cc20_100
4077027238#4036848581,1,0,80cc20_100
364662576302#370314330573,1,0,80cc20_100
4414530598#2027839123,1,0,80cc20_100
245814065042#379478718058,1,0,80cc20_100
415654814203#436617713935,0,1,80cc20_100
4509158303#4391919171,1,0,80cc20_100
14613476507#2057082463,1,0,80cc20_100
54158063899#3610178183,1,-1,80cc20_100
3896058143#3862453322,1,0,80cc20_100
4624086112#4070427569,1,0,80cc20_100
90189177932#88520940864,0,1,80cc20_100
4526688599#4530026055,0,1,80cc20_100
2098280462#2176434538,1,0,80cc20_100
492316061640#4532035181,1,0,80cc20_100
4274088675#2671772709,1,0,80cc20_100
3363359849#3232083339,1,0,80cc20_100
1320992607#1434305170,0,1,80cc20_100
29299658960#29607898384,1,0,80cc20_100
5206198663#5185595733,1,0,80cc20_100
4590185312#1639324466,0,1,80cc20_100
2016866285#1743052872,1,0,80cc20_100
2281691154#2523741989,1,0,80cc20_100
1903466347#1944864795,1,0,80cc20_100
1665894324#1656969937,0,1,80cc20_100
212394033260#189546061243,1,-1,80cc20_100
1711846546#2159160651,1,0,80cc20_100
1431851220#4524153991,0,1,80cc20_100
4479070818#4823801269,1,0,80cc20_100
4636143697#2073669601,0,1,80cc20_100
3633572726#1303518148,1,0,80cc20_100
415654814203#2292556895,0,1,80cc20_100
90189178714#69054998391,1,0,80cc20_100
5194582482#5076405390,1,0,80cc20_100
3927040910#2057186168,1,0,80cc20_100
4272137501#3993296567,1,0,80cc20_100
69055008791#90189177809,1,0,80cc20_100
2114279054#1372557160,1,-1,80cc20_100
3995923367#3495408683,1,0,80cc20_100
156273955489#406088738482,1,-1,80cc20_100
111110399548#117154450703,1,-1,80cc20_100
3249354040#4703840109,0,1,80cc20_100
4391918874#3949154929,1,0,80cc20_100
5163452200#91686025987,1,0,80cc20_100
2062285767#1431851220,0,1,80cc20_100
2068654074#5163452200,0,1,80cc20_100
1965402836#2007329552,1,0,80cc20_100
4776817109#5123189265,1,0,80cc20_100
3846877365#3652959254,1,0,80cc20_100
1592367367#1600123318,1,0,80cc20_100
4272843119#3648903741,1,0,80cc20_100
4808240601#4720990748,1,-1,80cc20_100
2183428945#2119388082,1,-1,80cc20_100
14613461939#2455800880,1,0,80cc20_100
4212827921#1902954948,1,0,80cc20_100
3072524524#3972766136,1,0,80cc20_100
4777051438#14613588147,1,0,80cc20_100
114401992972#50016874555,1,0,80cc20_100
2073668282#2065023459,1,0,80cc20_100
3648904752#1912538880,1,-1,80cc20_100
3485676898#1634282666,1,0,80cc20_100
314601953357#309312101477,1,0,80cc20_100
5169253299#18466210670,1,-1,80cc20_100
3860775024#3816455026,1,0,80cc20_100
4705427861#4878082767,1,-1,80cc20_100
4526688596#3913554478,1,0,80cc20_100
1878732185#1914706723,1,0,80cc20_100
314601336135#309312102749,1,-1,80cc20_100
564144132292#302839388028,1,-1,80cc20_100
1712137054#2065023453,1,0,80cc20_100
1716261756#1659951159,1,0,80cc20_100
5209073343#25244788647,1,-1,80cc20_100
4035397646#4530026055,1,0,80cc20_100
3628839717#3436663620,0,1,80cc20_100
3075628047#2340035845,1,0,80cc20_100
4716857454#25405387739,1,0,80cc20_100
1859920904#2947790103,1,0,80cc20_100
4897862520#4899954714,1,-1,80cc20_100
1830214692#3402256673,1,0,80cc20_100
4165283827#4206310186,0,1,80cc20_100
2073669601#1401982309,1,0,80cc20_100
5169252712#138961977066,1,0,80cc20_100
1483087859#1639324466,0,1,80cc20_100
69607735174#88520940864,1,0,80cc20_100
4165283827#4435666805,0,1,80cc20_100
3715869354#4261128456,1,0,80cc20_100
1805614122#1723151709,1,0,80cc20_100
3972766136#4272137501,0,-1,80cc20_100
3289002505#3927439605,1,0,80cc20_100
1701593387#2062285767,1,0,80cc20_100
4226781300#4529171947,1,0,80cc20_100
2061673701#1430989592,1,-1,80cc20_100
4973150488#14613466961,1,0,80cc20_100
2059125338#2059977717,1,0,80cc20_100
4808240616#4720990747,1,-1,80cc20_100
1479236025#1320992608,1,0,80cc20_100
4451342530#4897454488,1,0,80cc20_100
5185244731#156277076551,1,-1,80cc20_100
4215058789#3319075608,1,0,80cc20_100
2062285767#4635981164,0,1,80cc20_100
227607176751#2123106282,1,-1,80cc20_100
4181867888#3929215225,1,0,80cc20_100
3931049291#4254790911,1,0,80cc20_100
415654814203#415654832276,1,0,80cc20_100
4636508851#2027457810,1,0,80cc20_100
2640338192#3290768654,1,0,80cc20_100
2117971015#4145496082,1,0,80cc20_100
5169257472#18468580547,1,-1,80cc20_100
3052169593#3052760872,1,0,80cc20_100
1349608070#2058494409,1,-1,80cc20_100
4436356008#4623788579,1,0,80cc20_100
1446739157#1590527066,1,0,80cc20_100
3715240690#1929467433,1,-1,80cc20_100
3033446767#2111818909,1,0,80cc20_100
3461052410#3445564730,1,0,80cc20_100
1347237190#4623934568,1,0,80cc20_100
3446029032#4077473357,1,0,80cc20_100
4636522140#4444948728,1,0,80cc20_100
2061441544#2283920901,1,0,80cc20_100
4006530352#2118643101,1,0,80cc20_100
1708981181#4005134611,1,0,80cc20_100
2027457633#4636382579,1,0,80cc20_100
4514271066#4401898255,1,0,80cc20_100
4944579314#2296451977,1,-1,80cc20_100
2063873633#3641396498,1,-1,80cc20_100
1354017991#2057211704,0,-1,80cc20_100
3501315747#3487828531,1,0,80cc20_100
3946838650#4804117479,1,0,80cc20_100
2057211704#1417009342,1,0,80cc20_100
3770456617#4354044382,1,0,80cc20_100
4242696539#4705427870,1,0,80cc20_100
4447023801#4323500487,1,0,80cc20_100
2058531412#4254790911,0,1,80cc20_100
4285491833#4285709207,1,0,80cc20_100
4897454823#4897454510,0,1,80cc20_100
2063839578#1774582761,1,-1,80cc20_100
4108691753#3494236195,1,0,80cc20_100
156274815378#1639324466,1,0,80cc20_100
1556785910#1487584016,1,0,80cc20_100
4129173722#4159034451,1,-1,80cc20_100
10553947604#5134159053,1,0,80cc20_100
3287136303#2180579787,1,0,80cc20_100
2455842712#14613464513,1,0,80cc20_100
4642512906#4944512773,1,0,80cc20_100
88520940864#90189178714,0,1,80cc20_100
3363374184#5185529458,1,0,80cc20_100
29607392514#29298304831,1,0,80cc20_100
2119388077#2183963548,1,0,80cc20_100
4161509156#4804117479,0,1,80cc20_100
3240377870#14613460476,1,0,80cc20_100
3525475722#14613465315,1,0,80cc20_100
3809186919#1882929309,0,1,80cc20_100
1667288610#2070025653,1,0,80cc20_100
2026069710#4442444769,1,-1,80cc20_100
4165283827#2070691342,1,0,80cc20_100
3056884476#3077743360,1,-1,80cc20_100
87008148161#69609155599,1,0,80cc20_100
212771874474#187508564338,1,0,80cc20_100
4260680249#4286394339,1,0,80cc20_100
4479096850#4897454517,0,1,80cc20_100
2339749085#1537709306,1,0,80cc20_100
1639412951#2073669601,0,1,80cc20_100
4828655959#4165922067,1,0,80cc20_100
156276601478#14613455236,1,0,80cc20_100
2027457805#4636508845,1,0,80cc20_100
3045566056#3072564418,1,0,80cc20_100
